cookie_id,score
ck_00013fdfa0bd37dd,0.007186062664355578
ck_001e42551cd06e40,0.0013004357897512693
ck_0027b5d4107d65d8,0.08257971859668253
ck_0027ba644f9ae2cd,0.7276606446687277
ck_002cf760d173f0f8,0.057683684173007205
ck_002eb6552b504ea1,0.009747494535111083
ck_003148504557f720,0.4297046598889129
ck_0034d010d28aea78,0.03522256356167983
ck_003aa842b7ca1d77,0.6769137696112673
ck_00480407160e0743,0.016548266626944943
ck_004de16f7d8a42ae,0.028735218977210944
ck_004efa95555437e9,0.003932217612231794
ck_004fe0daecbe2c1a,0.011720957396911938
ck_0063d2a9507467e5,0.0036817853390331942
ck_007337aa99a4891e,0.0008320834865585931
ck_0084d8ab6b1044f3,0.0008585584720242282
ck_00a07fc2a9183c3a,0.00033713941337926764
ck_00aa5fc3b3bc66aa,0.14505333290791889
ck_00b9818e2064405e,0.10703788426268666
ck_00bd7803f2530c68,0.0091658916448942
ck_00d1ebc31ec4653c,0.006234318843500167
ck_00d6730134a1eb51,0.024179416486257994
ck_00dafc060c8de32a,0.021385968584064156
ck_00f9ca84d1d8ae7a,0.0009556822202832645
ck_00ff7389d6a83e29,0.21825390319535293
ck_010264ae04f2e902,0.062230612638758724
ck_010d0c2e6c1657fd,0.1022137548037328
ck_011551a596544f5d,0.020815064115199403
ck_012519bb095ad36b,0.9995650575907148
ck_01645ea51972e99a,0.09091311057060836
ck_016e8c8eaf9d511b,0.10800358893597337
ck_017208fcc01b5d40,0.00278904753754121
ck_0174d76398d9dc0f,0.11361378275783285
ck_018f780215ecaf38,0.004746708706480497
ck_019d5891103e7da3,0.03134698887180065
ck_01a750db6fc1168a,0.24121748940857848
ck_01ac687ce0d696a7,0.010310631726059543
ck_01c1f06692566ca1,0.02027059482481374
ck_01c631b38e8a9535,0.014195377294347236
ck_01d840cffb870615,0.530310834591813
ck_01e0689157fe9617,0.16960787342775577
ck_01e5986ebb9a78f1,0.018163929575754998
ck_01e7960c63dca3a4,0.9847082186116176
ck_01eb24c18ad11fca,0.31156441268758156
ck_01ef1036b2e66a4b,0.03053989871919257
ck_01fbafc42c8e33f5,0.018046460743037455
ck_02028b72f26fe855,0.021845296375759632
ck_020eb0e454524ecd,0.0005163613663346304
ck_021c6a4a7e3f1f0e,0.0012959034193666986
ck_02241f3dc301bebf,0.015179214149296844
ck_0229a07185f15469,0.021194184491474637
ck_022a8ae79eb28cf6,0.9941839154092821
ck_023908db0a193076,0.40868790307285774
ck_024dcab126876002,0.058839864603277975
ck_0253b3e7be021306,0.003016118275865811
ck_0259da8f109017e9,0.019968079491501887
ck_0274d881d6db82c8,0.0018595285831428847
ck_027614eeba8b1a4b,0.009428073411510971
ck_0284dc2b4f856b3a,0.7468393047468764
ck_028c41b195280980,0.007197593784232322
ck_02903c48b6cfd65d,0.002962823076800937
ck_02a8582c2603e675,0.004016444516504634
ck_02a9104419a6dbaf,0.004234682253677957
ck_02adda6e91e49650,0.04956551703778123
ck_02b9f418524f6650,0.0208507547074213
ck_02d4cef6358ad3b7,0.005498485631916804
ck_02dbabda93c8c13d,0.0386517935908532
ck_02e5f9cbbbf2f078,0.08321359791635824
ck_02ec4e06709e6b82,0.0005993788583006326
ck_03009b721568ee98,0.3969577440634511
ck_0302f67d75973dce,0.029053485463121236
ck_0308e0602b856445,0.003484178612543666
ck_030cf09525dba4ba,0.004108526295440511
ck_03129b41457795d2,0.05249796650701837
ck_0324a4812ec319c6,0.003922063420965011
ck_032880f1114dd51c,0.013246235498592237
ck_0348cc6908f7f3af,0.0005734252782332114
ck_039e6d5a330cea1a,0.19236126729604142
ck_03be334935e999a2,0.04142259670879745
ck_03c4fa4f3ed3512e,0.00043312877867319593
ck_03d3026107175dae,0.012677963260457304
ck_03e904682dc73bba,0.005752394031748787
ck_03f6664a96de7d0f,0.0418944339904021
ck_0406931800e0e2e6,0.0193684742769737
ck_0414507baeea936a,0.03824312051878417
ck_041614694b77e599,0.004937737004850384
ck_04212a9bb9b28696,0.9998510379026477
ck_04219a7ea798db51,0.011560904427386918
ck_0428728df24cdab4,0.007546905686241843
ck_0446920a1004c596,0.0005642481113648578
ck_04470bc93b8a0d71,0.0055116488623895
ck_044fa3b3a003f0b5,0.05962282661979979
ck_04a1a46f07885296,0.012444504959420453
ck_04bd8a1ffaf3ffd8,0.0010575246806881697
ck_04d2ea38ee27770f,0.0018874713845237322
ck_04e32ee9834c088d,0.3963207421483057
ck_04e40f556a5062ef,0.0009554062851045489
ck_04e89fbd739243fa,0.0016837002429346342
ck_04fb61e5739642f8,0.12421713381883835
ck_0508908697f60ce3,0.6416632841239777
ck_0525349f3945375b,0.05994854494105532
ck_053746067839696b,0.03068872307274188
ck_054ed4288ee58d6e,0.03504816570659759
ck_055fb9f2e1c8c934,0.15229239516649512
ck_05652e8ace6ce6cb,0.004346211569317223
ck_0567302c57a2417e,0.17685938725415037
ck_056d5f0301c30902,0.03242841066006635
ck_0576b00d728bdf19,0.02717717508833807
ck_0593ae243a9ebee9,0.060375491204427346
ck_0595c2a0c7881e05,0.022617671603222644
ck_059806c52cebe4f1,0.5637847061797432
ck_059e4fac6b7f704e,0.005010340697605278
ck_05a00b1dd5a03359,0.014333199106197786
ck_05ab5b03d0bf9ce4,0.4008988355144649
ck_05b2b04e11d9ae9c,0.027715963910058664
ck_05c4dcbb45de1f8d,0.008509801890368719
ck_05c97fc9de11aba6,0.07426983094174877
ck_05d44eb1f5f085ce,0.008475800322624481
ck_05d81b1a150f31c5,0.00025747642737106836
ck_05e01ab9c95449da,0.023806560510719017
ck_05ea4440dac6cfad,0.015819299809008622
ck_05ed92a7c3e10e5d,0.03948924227558999
ck_05f375fc8ae0afb0,0.02201466397530378
ck_05f79ddd8eefaa56,0.04556913965486631
ck_06010f0df5b7cef8,0.04068624454981402
ck_062754f8b79b86e5,0.000736042705767087
ck_06280e6d6d2485b0,0.0020742178790061692
ck_064013b0957d87a5,0.9968998021704908
ck_064b2aa3f0bfdb6e,0.02769458154276448
ck_069d158665a53909,0.06763490106084838
ck_06aee5a62a67a84c,0.24819439852143524
ck_06d0e4a9189302a9,0.005388706721631793
ck_06e73afdec26aecc,0.48923341526851466
ck_06f042e9b1b662fd,0.09312263084255923
ck_071ddaaf2e4e3671,0.002106565485488169
ck_0734fd90b2cabd43,0.0030474422287086623
ck_073509af21dd7f5f,0.8447652597195869
ck_073da541ec3f9d3d,0.030117007936866818
ck_0742fe64055d686f,0.00047794786350078243
ck_074be35c951ae10a,0.08516228292868055
ck_074f20921189e7d6,0.004681944248453245
ck_076cbc25c8f15fc3,0.9939873353905723
ck_07840bba5570785b,0.09791047492044247
ck_0789a05e061b2784,0.4806028721864123
ck_0789ff4562202b20,0.025333892925948367
ck_079bd18dacb704a8,0.41084634028978506
ck_07a5610ed28162fb,0.02453820949618078
ck_07cb2b6f2a4303e1,0.06524747256532125
ck_07f1734be7fac56a,0.1043491323502316
ck_083e4ac78685c3bb,0.14118106790130425
ck_0841a5c24fd3dd28,0.004707917238867658
ck_084322dc5a3a86f0,0.011217667740140207
ck_084a85145c15ed77,0.025042828719176995
ck_084cd84501012218,0.9633488270137169
ck_085d8c42739e2b10,0.9992290900012294
ck_086d29ccae565e5d,2.80137120099741e-05
ck_089e3a07abbe3b8f,0.0008729883251103427
ck_08a0355d1f1890ef,0.010271457919954046
ck_08a6d4903a7fbaca,0.029352973011774374
ck_08b4619490e751a8,0.907176409781265
ck_08b77ad5f8f73007,0.026524863642877525
ck_08c6cc1e143475e3,0.0009092373382914973
ck_08c7bb0f9851cb76,0.0919541624291789
ck_08dba09fd7dab896,0.044587046845228864
ck_08fb463e69f647c8,0.9986599398999257
ck_08ff5bd467226a5f,0.00012758642658649568
ck_09054e97bdf9624e,0.005871593376671946
ck_09169f22194fd6aa,0.028881731581675413
ck_093e3a7134e11d6b,0.011151783123523136
ck_0943e0f305078e34,0.9981679089729922
ck_094974d75e29fb2f,0.057032625292334084
ck_094d10439b7b4eac,0.0025694364584149163
ck_09748dfe4df3d540,0.019109497437968206
ck_098167eaf124c279,0.024439653048581176
ck_09a988ebcf062297,0.11931370956218937
ck_09aadb4c41b166f1,0.23818386497901392
ck_09b0d8af304646bd,0.0013245796474966596
ck_09cd5c4df1e81ac2,0.2295104153230621
ck_09e9c51eb538b255,0.04112118619496298
ck_09f8f51bfd2492c6,0.03542746373883459
ck_09faa4e771cf876b,0.014269979616050818
ck_09fab6b9825001b2,0.003910710069845075
ck_09fd43f1b7e2eca2,0.0008105152861647003
ck_0a0cd7f4be606a93,0.11037306972439127
ck_0a2b7078736b4dda,0.0013578724059306224
ck_0a2f8b2f8a5b6f02,0.00445312305761332
ck_0a45d033d4e280ea,0.04042450064548297
ck_0a4d7acd2a53cbbd,0.009369756506301603
ck_0a4e191cd0a57ce1,0.01120602134981403
ck_0a7adc2f27f98510,0.5589966233727723
ck_0a7ba51d626e932a,0.11488123523683527
ck_0a8029e79a5ae7ce,0.05059312004338536
ck_0a921a73a90c2e39,0.018150212362324718
ck_0a93ed76bf36c8b6,0.015195728930089199
ck_0a993bc947bab61f,0.03268164141663744
ck_0aa9db36eb16422a,0.0006553576157203972
ck_0aaaa9d2f75a0518,0.0013445780469885907
ck_0ac9114076f5bf3d,0.025405807160393767
ck_0ac9848bd4ba0c14,0.001744012081488088
ck_0acc3d8c67218b9d,0.008684657616286184
ck_0ad6fa0e23c3bd0a,0.4477823622622929
ck_0ada63008be5685a,0.028221171616059165
ck_0ada6fed1864e7c4,0.010895906793526469
ck_0adcb1fffcb0a34b,0.09915076381238516
ck_0add2c321d579d75,0.23766389948895256
ck_0af18b3ce015d294,0.004246004509508185
ck_0af3c13ba56ce57c,0.0046274731307512276
ck_0af57ebaa45877a1,0.0006335797566519811
ck_0af5b7d128035b35,0.014463970245534759
ck_0afa4449f20d5196,0.016421562044355766
ck_0b0c93039f987abc,0.020324818601035577
ck_0b0e79d33e50cba5,0.005920104478968809
ck_0b1d84252c0b46c2,0.008410630141765244
ck_0b20bfc515ba42a2,0.0075433328110691405
ck_0b259620eac51618,0.00033069450081908485
ck_0b2eeb4e00ff7955,0.04175051105908201
ck_0b34197335ba3341,0.017000986631548382
ck_0b3c3bea0e0ed339,0.009243539254867147
ck_0b615ed566da1f58,0.01547164317841645
ck_0b8b7c5c581fd161,0.00031328168312029747
ck_0b9fcff9667ec05a,0.014231342973689165
ck_0bd77fea8ed75a15,0.03755533588591034
ck_0bf2e13b9f2601ac,0.07100977095614973
ck_0bf35dcf7b38f650,0.0006404662225719109
ck_0bf48607a874b4d1,0.0027614249917859743
ck_0bfc394c5faa65cb,0.030034881605006655
ck_0bfe62e0c7eab9c9,0.03249422356867863
ck_0c0dde42ab64ef87,0.0702569450095629
ck_0c1f088e17e46daf,0.11280947099057963
ck_0c2932cc0d553694,0.02322654334192886
ck_0c3dd22587b08018,0.02293458373300708
ck_0c45e54897ab34e2,0.09740185747250231
ck_0c533ff2d0f9962a,0.02530546594198302
ck_0c5ba86f4e05b38d,0.05400412096859035
ck_0c6a50d747593b7b,0.011817844478228152
ck_0c6e7bd357e4a348,0.002582118340432996
ck_0c9e420f97baaa06,0.9526230297294065
ck_0cb9f54928f4feee,0.010954034875659003
ck_0cbd3b27063d4415,0.09058434525084519
ck_0cd8802264e0a1ef,0.011053333582541411
ck_0cf220816e320ac5,0.0006593233357374557
ck_0cff8153881875ba,0.021032954442572277
ck_0d0a1a021efea5b6,0.03173407905112798
ck_0d16d9349e4a9e08,0.015896025789752116
ck_0d2901bfe585c391,0.42805132855736633
ck_0d33977c3de8cfaf,0.9997100105748624
ck_0d362ddb4a1cb6d4,0.009624553484625258
ck_0d40961e47797027,0.0016076375332757125
ck_0d4dfd93086e7330,0.0025078831451071995
ck_0d5c0736ec76385a,0.0008657458469920981
ck_0d641d32658d6e0f,0.004802064331567962
ck_0d65bc749eb42710,0.06691667224043346
ck_0d846660c7957a88,0.014434049230433293
ck_0dae4a7eb587f3ba,0.014098894931565659
ck_0daec63bd5b0729d,0.02649510870785264
ck_0db62d5f7f75f80f,0.02242487721291399
ck_0dbefdac0a1868fb,0.007124420681010845
ck_0dc1e536231c4860,0.010223633312944898
ck_0dd417fcbf19e424,0.04837701361462952
ck_0dd7c5925d28755c,0.007068127809585483
ck_0dda35c0c64c7073,0.9986652304611469
ck_0deb56f3f6452818,0.006279690834473186
ck_0e0919292ad33472,0.9071754654814139
ck_0e0bab173622db9b,0.3661509910442744
ck_0e13c4f73818149b,0.06497056918846457
ck_0e2bc3a5afa439d8,0.21574287476304035
ck_0e3f80c1553c591b,0.01028497707118826
ck_0e477084434da450,0.018136262048969964
ck_0e5385c70c6de025,0.005127468347563827
ck_0e6046fc30f81705,0.005046035846959721
ck_0e6bebf8ae9b9b03,0.02698289323411085
ck_0e6e05c3cc8c8242,0.03107236193108672
ck_0e70516fa07cfb17,0.9635746607098066
ck_0e719b3a6906b8f1,0.00014887258028388584
ck_0e7899a57cd617d6,0.001433061536140616
ck_0e7bf10ef49aa818,0.22504031140342637
ck_0e808afe2570ecac,0.026611193828003567
ck_0e8f26536ccc8947,0.021959324946442465
ck_0e962eacf98a813e,0.0039055357850644404
ck_0e9b982afc88a3a9,0.9997912628988284
ck_0e9ec486bff403c5,0.009048468264327028
ck_0ea30eff5f361cba,0.014137893524606902
ck_0ec820b670d48098,0.00022336626473647278
ck_0ed2739384f1d644,0.011016660942600398
ck_0ee6965e68efc177,0.11607189613380685
ck_0eeb3d9b3e697edb,0.036947746420394355
ck_0f35e930d0614613,0.9979552254519248
ck_0f37c554a5057801,0.9850117961822034
ck_0f38d4aed68d7d24,0.009563184198933898
ck_0f3de7f074bb33af,0.03225476608261873
ck_0f4e2ec66d50da5f,0.0027279937949741396
ck_0f6d916c92189516,0.02456855766016846
ck_0f743bd13373748e,0.026255955131323477
ck_0f8cb09d3f4fc980,0.1350109546110571
ck_0f909705e2e60f2f,0.006443574584811411
ck_0fb3153d37626b75,0.002421195615172363
ck_0fbbc7a6af300368,0.0023423146184593873
ck_0fc1086e1c9e04b6,0.009248963186876437
ck_0fd826fad7ec7cd6,0.19081146910001126
ck_0fd9312411b0ac55,0.047006726287774823
ck_0ffdff7b2f5fdfe4,0.01993607141404374
ck_102db9615e722c9e,0.03623604904181297
ck_10495d3a635b8d69,0.05111004744061641
ck_1058129ed7b48c59,0.026007314240086326
ck_105b0c93573fd5b7,0.9835097385479562
ck_1071d14c46c92379,0.6015161438265584
ck_1078b1e155b5b640,0.01058446815710841
ck_109fc467ec0a4af5,0.14928512034203228
ck_10de0b0d86b17839,0.0022025505271797163
ck_10f90d879209734f,0.00400086154894692
ck_110608c3b03d4038,0.6579940832554925
ck_11132d245b94d045,0.002359153874034195
ck_11318f7c041a5ba9,0.00850659511347126
ck_114141d85256c9ff,0.0009717101627403565
ck_114722e12db90a73,0.002178338955062697
ck_114c32aad4b6183f,0.17069420659712986
ck_115d86fabde77b65,0.000715853270007199
ck_11662cc7940ffc82,0.4638298073519723
ck_11667f5b9fac7bc7,0.0004695243231152929
ck_117d78ccd5820f36,0.023536833089283067
ck_11960b5f1c7a5e2c,0.0015754199478816451
ck_11af112667c98394,0.0046164758256953455
ck_11bf1039f8b3025b,0.007827165464521892
ck_11c7667920541587,0.011144227364060184
ck_11c7a58e09e6547b,0.034459641265396496
ck_11cb98211b2ed134,0.9765311163881308
ck_11f362dca2dfaf5a,0.025167757171147144
ck_11f85bc705dbe036,0.024587994730852165
ck_11f9390a11ce9ff5,0.08407602553563366
ck_120e995d50956bee,0.08768152037151682
ck_12107dacc6d05bd1,0.0016092239828770804
ck_121db7ba3be29ee8,0.040167005972269194
ck_1225a97fc413a419,0.0587693015487759
ck_123c15d93f1840f2,0.2527927831255996
ck_123d75ffb75b606d,0.003783744306776191
ck_1242aa4496576a99,0.0015514191107555736
ck_124432fd5c92af7e,0.9889652361104976
ck_124565a11b2f8bb8,0.003621231505128661
ck_124a197be41687f5,0.04080868370504424
ck_125c5a720ecb177a,0.05523761005052554
ck_12631b78f8a03df2,0.0004052773667919731
ck_126531a9126c17c4,0.0004091518997650713
ck_126a82e8d42e5ce6,0.0051316283783660165
ck_127273af97d7827d,0.0054516665625989795
ck_1294f7af22fade11,0.07025203429028205
ck_129e39ddfde92eeb,0.006128039123094527
ck_129ffae92dc01408,0.0004211911452372736
ck_12a074db100481cf,0.21305349654554126
ck_12c46bc52bf45b36,0.04810870727331187
ck_12cbb211ebd2b437,0.2714912265489593
ck_12e2b5ebfe8986b2,0.0021203091021889495
ck_130d3848b9dcdb05,0.005196397161767667
ck_1325000bc7f35b5e,0.0005585669637471874
ck_132c16312f37810f,0.005047031693779822
ck_13376c59b5bd6943,0.0001569081703584485
ck_133d8a1ac7c0e301,0.983412092102843
ck_1355db6f4010232a,0.010733907389539363
ck_13648cbd306eee6d,0.004828524703539387
ck_13677a1957078827,0.0008720190722232318
ck_13757bf0eeb353e2,0.006640544324818045
ck_1375ad9f10688e4a,0.001594531148144233
ck_1383b2b1875000f2,0.004207527399530863
ck_139b54e6ccbdd7da,0.0837367768523595
ck_13cd943777651aac,0.004864935420863053
ck_13d1b192bbff8f32,0.004057513893133304
ck_13f03ec785cbdae1,9.201171122552641e-05
ck_13f2560c6a1ec62f,0.020269516482830235
ck_1402d24dd623df72,0.014964267863093716
ck_1411a80a157ff39c,0.05433898314892693
ck_1422a7bf7756294d,0.9906143408387813
ck_142c00f9f8557504,0.04993790159211554
ck_142dba210ed2f3b5,0.1390344927318162
ck_1436f6e11d4008f9,0.029376053227039067
ck_14436a409ebcc90f,0.00476995924500275
ck_148c28df51bba5e9,0.9853878723816477
ck_148cb0c723284dc0,0.0045579584931217335
ck_1496568ddc3b2d56,0.11916536897601801
ck_149662b09d632e41,0.003468295116925975
ck_14b4bf7be6ac2b61,0.16911154283281615
ck_14e58c3fb26a2b4d,0.02849656845768222
ck_14f0484b3817eda5,0.0062470008663042574
ck_14f9535e53f9c7a6,0.015671499280277387
ck_1507f5aa50cdf3a0,0.01158067727205986
ck_150a1108f936e6b0,0.0038930794866305954
ck_15220e78d1545e40,0.02850668466222093
ck_15239ef0689c1a35,0.0037749579061028757
ck_15254db133b28371,0.004533959825684959
ck_152671fbf8a9a78e,0.06185273774542171
ck_152820d8817f478c,0.011860858337567358
ck_154c8efb19dee665,0.0031016127387497277
ck_1573878386886290,0.007007541748310187
ck_1587763dd54688c9,0.007891195004659448
ck_15886fe84866de92,0.044506969194780976
ck_15918075563eb074,0.001376793998178631
ck_15b4840922195ffd,0.021419857006463046
ck_15b93103ccd38609,0.011902938799352392
ck_15ccbf8ff7d14086,0.03645528825878336
ck_15ce50f2704227be,0.02418457096733329
ck_15dd3ecaa8ce0245,0.8998390629096186
ck_15de11438732bb05,0.004738275494697485
ck_15e0b679931f7a8d,0.004627317822793549
ck_15eed0f5652f0352,0.013717299317240294
ck_15fe2a47fa7e92ea,0.0006516579612397216
ck_16077934338472bf,0.005099401636022631
ck_16077ac345472e6a,0.0046222674164362616
ck_160e9ba0a3f7c1fd,0.0053988520879462275
ck_162513e73782929f,0.0161465883863582
ck_1631bab0ba1256db,0.0724470386800158
ck_16340be3f2a7fffd,0.000965264924341443
ck_1645e6cc53fa99ff,0.04720066274757944
ck_16541fc15683e21c,0.01217820813198891
ck_1658429acd5306ba,0.043743669308508926
ck_165a868bdef28ad3,0.21948940275874482
ck_166aa980cc87fa77,0.08531228599457516
ck_166bd1dcbaf4d6fa,0.0007363359803809599
ck_16801e628e883d78,0.00880062142529449
ck_168c96a1a636ea15,0.013398919154569207
ck_168e7ea341a36b80,0.00905880470042298
ck_1694c28f44480e98,0.016337250345106986
ck_16a06d58d71935bc,0.5138961453566808
ck_16af4be191c47d3d,0.0006720900772054263
ck_16b66bd803288bc3,0.7265456823050689
ck_16c501470d9bb006,0.00010333896664326031
ck_16c7bf94ed3e7a6f,0.00015285446626116364
ck_16d2d27fadeeacf7,0.0035351286045819004
ck_16dbafc035574654,0.0037365294842785965
ck_16fc77b2bcf5ec03,0.9876391406323956
ck_170c65860e2a7e23,0.005506728050190604
ck_170f4688e0acd875,0.39682711664405806
ck_1723900ab9afe374,0.13987372473651
ck_173e1198c341087b,0.0020499294174606522
ck_1745847cd4e5dc83,0.0310460846320987
ck_1747fcc466f0ae38,0.004127230520208095
ck_174be2231c5fd2b6,0.0005367699125297424
ck_1757fcb0e6e3f88e,0.21691322924304163
ck_17673a1c2867888a,0.004293853941651065
ck_17733f75ebdea93e,0.007071202658452628
ck_1774faf414a5d49d,0.9456531861648693
ck_179039559ff7566c,0.009321260798098524
ck_17946516d5df71d7,0.033690690018945084
ck_179ed66cdfc1ce27,0.011457788183454208
ck_17a95bba77217d85,0.11572677286068571
ck_17ab24fe914ae44b,0.0009552098780584913
ck_17ab3068fa303682,0.006220271665117289
ck_17bf38d51115a8f3,0.003413678356846534
ck_17c0a6a92b5765cf,0.0019312014696496785
ck_17c4296276448afe,0.008265846012699805
ck_17cc7b411f448e66,0.05441680809811486
ck_17d3022ca12eacd7,0.013110260333197859
ck_17de46314b5c6a92,0.008756445265543368
ck_1805fcfc4a9e4ffa,0.8513611669806183
ck_18116d0ac08f1996,0.9936057350790984
ck_181f3dae03b87136,0.10841351059746476
ck_18270fee7c8fcee8,0.0008378209583454887
ck_182dc4a2f5a366da,0.0026406370539032156
ck_1833c81d693c1e07,0.963780042693746
ck_1838cf8d00f5b1e1,0.033411348779960395
ck_18444be153bac1ca,0.9161160848326491
ck_184983177b73dea5,0.03555060969599751
ck_185f15b1523bbcf4,0.000789523565834241
ck_186161ce152836f5,0.026272856440357897
ck_1867b1199c864db5,0.1179087393885851
ck_186dbff4b24a3bbf,0.22851097243056895
ck_187317383400491d,0.00033064115799125507
ck_188fdf2be7c92e9d,0.9996745929626136
ck_189b6fbe9b9192e7,0.009391288133871654
ck_18a55b06ccccd88b,0.06847559271405537
ck_18b36d342b530af4,0.04025298672536216
ck_18bc51bbf3ef198e,0.25479059401646803
ck_18c179b4afc4fccc,0.01115071243192772
ck_18c3a095606209e8,0.02834699891816746
ck_18d214b1418be39d,0.012398056021052267
ck_18ddf7e836256e3b,0.008990436099351804
ck_18df83242ff3cdbb,0.21873118566685362
ck_18e2076397bcc211,0.15568285651846042
ck_18eb1f9181f95df4,0.004469562986453573
ck_18f67c00ba21fbde,0.0024731327955428064
ck_1906f0dfaf6e9bad,0.8918730865462559
ck_190bc849e5ff5401,0.019402901149135423
ck_191673540d8486af,0.010448602721047862
ck_1917ef3e6e345549,0.10186021547929194
ck_192579ecdca7ff83,0.06936376025115122
ck_192bbfd0d5720134,0.022892400862047916
ck_192fdad892782daf,0.1502767471681965
ck_193d9c87ad3f1dad,0.0007926204783306471
ck_19468fe07e26f992,0.8752776967581756
ck_1964ee9db929a173,0.9126319956958426
ck_19660cec756632ca,0.004876172475185159
ck_197f8058cea1fbea,0.000909650319631549
ck_1982d571cd36eb0c,0.0031299789103234068
ck_19988702ccd79201,0.011625098910969902
ck_19becd44f2c3d2b5,0.38139495348827984
ck_19db0bf788697c2b,0.01819005112583591
ck_1a065ea906ae3d6a,0.00028932107825444675
ck_1a0aac7f7b94b1be,0.28340324510595516
ck_1a28b6a40a6bd3b4,0.23693376342041678
ck_1a319e509f1efa1a,0.0020333612919107786
ck_1a3fd2cc4b4de196,0.004624390863778171
ck_1a3ff7620580a514,0.010016388921496462
ck_1a415416f620d49d,0.010775305462255807
ck_1a46b56f4734d52e,0.00155051561029242
ck_1a4bb7d3d2ee3227,0.011223108926343777
ck_1a4e5ace078dd782,0.05928067708158889
ck_1a524b5cc8da71b3,0.10013313842690236
ck_1a6b30320835e57e,0.021644525148987785
ck_1a6ddfeef82b1b1a,0.0010787225599355407
ck_1a71f8081ae00190,0.9835402540842388
ck_1a9235812de4b2c1,0.0260217197920821
ck_1a9d6190c57ea7e2,0.6813004550732862
ck_1a9e51d092d62c84,0.7037242190201807
ck_1aa87cb62acc0ac6,0.05352120408886941
ck_1abb93f6924645e1,0.023086803877211053
ck_1ad36046aaeb816c,0.01672784072197432
ck_1ae460f331e49ae2,0.07111410489591091
ck_1af2c0b3b8d202c1,0.0029561017670400127
ck_1af547077ba2dd03,0.5747589439378996
ck_1b0434f096795328,0.0005129061212298975
ck_1b0b7c3d35ab1259,0.07381626353062808
ck_1b1df006b81d38ba,0.005570740724760886
ck_1b1efbd9c0964c8d,0.009310036041944407
ck_1b2ce474fa6582b4,0.034991743660771506
ck_1b2d9cae92a1aab1,0.5779295500689514
ck_1b34c420a4c85a95,0.006693164424461784
ck_1b52590757c0fbeb,0.025465935939645377
ck_1b5b75762f033462,0.032031646703863666
ck_1b708e2a4a0584dd,0.03962313720938628
ck_1b74b798eebeabdc,0.012066694255026617
ck_1b823610371a29c0,0.005271247599117449
ck_1b93381d8eea58d1,0.007187822907045797
ck_1b96d9af0d7da2d5,0.004901791845845371
ck_1ba28fb7ef726ce2,0.026383676612022906
ck_1bb212d1288b9689,0.07472260014405216
ck_1bcff399166d7c43,0.004169307022718531
ck_1bd753a4681946c8,0.996641630892798
ck_1be8cb95d6d9bbf8,0.001203841270158529
ck_1bfa8abdb22be8f0,0.3619375216724169
ck_1c17c65804f8889e,0.01228303791483802
ck_1c2dcae19539e148,0.22872310833211915
ck_1c607e24f2c4397a,0.17734921760583125
ck_1c65e8d5be3b9c60,0.6091146194120329
ck_1c6820fc38135ad9,0.009607166192054678
ck_1c771a7c78f6622c,0.05628542641308586
ck_1c8b94efe9238f5b,0.001974535177928854
ck_1c8c969667cbaab2,0.8996224375925271
ck_1c93cc58f314bf71,0.03000494596663471
ck_1cb6dc67f9a321b5,0.10167890225699622
ck_1ccdc69d0bb712b4,0.021527052252712776
ck_1ce20e4223a936b1,0.0030452728056917532
ck_1cec1ed1512a2d3d,0.0007459795982661683
ck_1cef30d08f3a598d,0.0025953806189056502
ck_1d01b4a609918c4e,0.9872605399139353
ck_1d2b80ab6c4944b9,0.009045987784346607
ck_1d30eef7110809e5,0.23685834836896374
ck_1d3e561a7d20be0a,0.9795557696097051
ck_1d40e4fc541abe93,0.40462878818250547
ck_1d58f6caaa4d012c,0.038533084742129034
ck_1d5d74169cf892ef,0.020310229926099228
ck_1d6990d94a4d2ad6,0.027014911715608575
ck_1d7cd5dcbcdafd7b,0.6638375399567603
ck_1d96d7fd65f208b2,0.013382190761468626
ck_1da2f69023ca4c13,0.0006302138538863718
ck_1da9d40837ebaa57,0.05026270340456261
ck_1dade5592f90a15c,0.08259689871680055
ck_1dbf1f15193197db,0.20213270578727027
ck_1dc23dc870f1773d,0.003907491119884628
ck_1dcaa3078dbb7571,0.0005496150277284929
ck_1dd69a11daa7bf1a,0.09651235925439132
ck_1de43fd6c6c22a5f,0.4164211452932833
ck_1dedcb48ac381a1c,0.25514185862228367
ck_1df4a1781a0f6999,0.01712839407731457
ck_1df4b46c0a4c317d,0.16418632967884456
ck_1df66f537496ca59,0.12315802581304454
ck_1dfa91405d7e66bc,0.02037854425764453
ck_1e0841ed17fe0562,0.014714127363893742
ck_1e51199a075ca0fa,0.00747577667051194
ck_1e6628879e9d653c,0.017589070453062818
ck_1e7de58822000dea,0.0023736391816246093
ck_1e832a5b2342554f,0.20086670794914543
ck_1e97899875bb427b,0.013317454513155531
ck_1eabc15a94bd9009,0.012982213489454279
ck_1ebd574406235957,0.011028005136678757
ck_1ecd5516c92caa4f,0.00019734148072754335
ck_1eeacc26f02fbba4,0.08981059497917822
ck_1eeeee651e05d535,0.051859149498571254
ck_1f0bafec397da8e4,0.004173213385741238
ck_1f1273a67cbad5e5,0.8812989146286997
ck_1f136a4476b5e775,0.01026411096572593
ck_1f22f04dfc08cf27,0.0069475850497963875
ck_1f2760764afa45e8,0.005062722036955076
ck_1f517e0ebf397b51,0.003772353439002543
ck_1f56fe99f250cdf4,0.018695284093983532
ck_1f7ee7b23fc6f2f4,0.003661834574220533
ck_1f871df76c6a995b,0.04531373437874154
ck_1fc03ba33edd9e67,0.10915708162937153
ck_1fc98436281ee39e,0.00046600380220761803
ck_1fca72e03143a645,0.9932131523420926
ck_1fcc5843f39148a9,0.010282046222092788
ck_1ffbce3a239bb264,0.005230611536203189
ck_20124c3a16c53ce4,0.005589577048637279
ck_201687857ec8b3cc,0.03723328260521114
ck_202f0c14b07ace01,0.15453220680725238
ck_203c2a22c0c165ac,0.02220688097230193
ck_20541686a94fb71c,0.11060074028896802
ck_20578ac693ea4e93,0.03462963773028777
ck_205c107cec528414,0.8164329879976491
ck_205c3405045bd835,0.006559335077642983
ck_206f8e3cd72768f3,0.06015022851608463
ck_2085433978e72ea9,0.4181902482860296
ck_2096d32f3d497ea1,0.4201734337220002
ck_209f574c8d92274e,0.00414551607964614
ck_20a17e8f206a14c8,0.13373510979802922
ck_20a7d1ce6cc27312,0.0014716689685782107
ck_20c99b645f462449,0.0012363091104931367
ck_20cd2f5666719baa,0.0012408671978133554
ck_20d7571ba830009d,0.0046747065986353755
ck_20de8abfd8960ee3,0.033430551601794645
ck_20fad010969f1abf,0.001385533757751858
ck_2103399bdb2898a6,0.00735024067064661
ck_2106e509d77fdb4a,0.8700925970285848
ck_2122e9bb1afffef7,0.005304830894415802
ck_2122f201e65f76ee,0.0030301659823575235
ck_212380e0371d8a6d,0.015109480823732478
ck_212525e2828a6c45,0.01309742265132886
ck_2139062d4569aa07,0.0332483029558409
ck_214af0806470ef48,0.011290576209924973
ck_216e87a41de22b5d,0.20229255979097516
ck_21860dd2159dff28,0.0015511411106316204
ck_218b7e6e6dbd2da0,0.001119161354903403
ck_219bef979ee21bdf,0.000466256747931945
ck_21c99e1d6b881894,0.0005756666442117304
ck_21cac21fc10b7768,0.020659412457402715
ck_21e3b3bd998745e5,0.3259443333051334
ck_21ed2ea6386c5a07,0.0009777073949984898
ck_21fe7bc59dcd78fb,0.007952502143500509
ck_2208392a9f6bd249,0.009430196913777063
ck_2209de229b4c71c5,0.014171276787290818
ck_220fda3c11c59b6c,0.14769874200416455
ck_2210f7a0d13bdbef,0.04178991463373445
ck_22128a4f0d033422,0.020144815497875907
ck_221b5d40358230f4,0.006627655836628671
ck_2225b555aa2a42ed,0.1450969805825302
ck_22311b037456a76e,0.0002622842221980239
ck_227602ad072b838b,0.0004845129851820964
ck_228a583f23abff48,0.03618672257062381
ck_2296d7a563424883,0.006157927760038749
ck_22a7cf3b99c5e5fd,0.03247207303700025
ck_22b52654776a1ea8,0.9665826331308289
ck_22b587c18363899a,0.002625686937419273
ck_22bd0fc71f95e048,0.07882385753167757
ck_22bfb9246646eb41,0.6364187165601742
ck_22c862a496008c96,0.9998942642001264
ck_231ae0329ebc3220,0.010939112642140673
ck_231e6dd1fe708000,0.006337277449296368
ck_232325ef6bce92f1,0.005118872752156315
ck_2329cc9702cdf7a0,0.10440039770146446
ck_233397a8bd40d38d,0.0004831623380119407
ck_233a487d31c3e631,0.9997829368382886
ck_235ce9603c7dccbf,0.11313689088877253
ck_2366b29ed9887a5e,0.007942298367883174
ck_2369689bd795ee10,0.00664839128949374
ck_237508ca4fb37268,0.10488960145682288
ck_23756522b58df5d8,0.002561301356220789
ck_238e53b6dee8c301,0.0021311893929707006
ck_23981a3261674131,0.01061661840753539
ck_23a016cf6b98d89c,0.03769400103930823
ck_23aab322810b9fec,0.01625389695897732
ck_23caafc2cd34242c,0.005630361051181978
ck_23edb6d938a3b87b,0.011531588209602876
ck_23ff85f9d2355e8d,0.008326522228157121
ck_2401e8ff89e574fd,0.9535916693852625
ck_2408db62e4395ccd,0.02192059911401613
ck_240f7f894c5a86e7,0.013357958127520287
ck_242521e261148fba,0.005568633248610643
ck_243b1b9fdd3f9a74,0.0014920618220487288
ck_243bd5ca8c4ae5d0,0.0012434293715159728
ck_243c18dbf150831c,0.0017719661972746476
ck_244b897bb4d57c1f,0.005692246106539929
ck_2452a30397dfc54c,0.04199081885510877
ck_2455d43bbdd2bb69,0.006221808109301679
ck_245f5d62ead5ef28,0.012173973130973603
ck_2468a7e9e68a0927,0.007870102668659507
ck_246989b0c288664f,0.07385149550559858
ck_247589ff532f7aa8,0.009755237968490494
ck_248b3659a9239240,0.05540243060581555
ck_2493ee8e7b91d304,0.02034665754516996
ck_24b0803447211bf3,0.05578909855409446
ck_24b53090faf722cf,0.006888453143004559
ck_24cd0d779e866287,0.0008942707681152205
ck_24dae044dc05f849,0.0463675408244061
ck_24ff97ad90bdd69a,0.19769974887801808
ck_25122cc0e8b1a662,0.2762986539812927
ck_252b0a0f1119b220,0.0005924022183074868
ck_25382331551d22a5,0.04617125741434228
ck_25394c1b83e0b803,0.10055473544540447
ck_254a7c97c36dab8d,0.03881313728164378
ck_255d87b7fb40caa5,0.02352358372716055
ck_255f0e5888ae9e23,0.23094334706993025
ck_25822068c86c856f,0.0006293292347420212
ck_258d661e450ac870,0.0004668142195615105
ck_259271c70f3fbcbe,0.06232122408796121
ck_2595669e421299f6,0.02911733674625351
ck_259eb102342057ea,0.012590198021195141
ck_25a1ea40b2d59254,0.000564579214679233
ck_25bfca1d8eaa152d,0.0021734174429223537
ck_25c355da356c730d,0.024532198355848463
ck_25dd0b02af5b2f37,0.254874512794831
ck_25e551a0a8d2fcc2,0.18469691449172787
ck_25fc3010e8a0f6d7,0.009845800410393292
ck_25fea39897f2a559,0.009145111134041388
ck_2605fd571219e28d,0.0016156097630077293
ck_260cfe9141d249f1,0.7306453781259789
ck_260ef2f3e6434819,0.06645527455044509
ck_263334d722ecbc97,0.7284637187153264
ck_263f6c5ff26b5e98,0.002080983408845023
ck_2659d1d3762a2825,0.035124622757583365
ck_265accb3c5c32620,0.3266369272902164
ck_266ce7ccf41ccc50,0.015224699957092936
ck_2675e7a008e584a7,0.3231179564785706
ck_2685f38930866af0,0.010244028850167548
ck_26896c494b2768ef,0.02167569269788892
ck_269f1746f2609ed4,0.001939967044069211
ck_26bd0f8898afc8ba,0.0018165662303686245
ck_26cfd7c3c6c7bf69,0.006579404473272008
ck_26de14b96bdad4f6,0.0005051973125777726
ck_26df74feac7ec51d,0.012497447094815728
ck_26e9a7bb2061a58e,0.09571402865936002
ck_272ae2179bbd8e58,0.011575318807772246
ck_2733fc6ba23ae46e,0.011384651526098695
ck_2737a72de6b700f3,0.30394687315502067
ck_27466468d06db4eb,0.04087228138231006
ck_275386782b1606f8,0.0029984198221733737
ck_2770b0400a7bef08,0.34776442765658344
ck_277621473369614f,0.9996461389693913
ck_2786cbc3e75ec034,0.4980673574519156
ck_278b36c5932d9bff,0.009749035757866611
ck_2795921a055643f6,0.046978632868730046
ck_279a1d3a3836e5cc,0.030112897833802235
ck_279d43303708109b,0.003572117238166877
ck_27acc9f320cda104,0.5701140709216032
ck_27b07021500ee841,0.007035979265909146
ck_27cdf9c5e6f0915b,0.042467451691092194
ck_27d69ff4e0cb428c,0.19992514936582267
ck_27e4de495abb4d15,0.0009535478532477229
ck_27eb86a9898cdfe3,0.005753837414832321
ck_27f20337bef5ffe0,0.07943632942773961
ck_27fa694569140345,0.0010865431022546144
ck_27fd85b1e38b675a,0.008866202406413138
ck_2825e34dd3e7ea2a,0.004989660499322922
ck_283c5bea94b21e80,0.0038064963701396016
ck_285719c77eadf915,0.0010756831391537955
ck_2857a4ce9f72fbfa,0.0027583552126497165
ck_28588fb03b320520,0.025456908438290248
ck_286bfd719836e9f3,0.6115286897924239
ck_2884bab237af16b7,0.012744486851968448
ck_28ac4c5134cb8e77,0.08234991157666234
ck_28c53b214b2ee882,0.6634023295792322
ck_28cb9b03e89263f1,0.0009401730938921122
ck_28d2003c2d16e4b6,0.0006660881948928043
ck_28dc0de0ae291f37,0.06388923642794948
ck_28dc0fdbaec00580,0.12199171182565027
ck_28dde633692904b0,0.5461623366601717
ck_28f530aec8e77130,0.04959906437949753
ck_29076a13f539187a,0.7034873296962384
ck_291bffc7809f896a,0.0029777542353105033
ck_292f81186358b0fa,0.010188570559833276
ck_293581d879f6663b,0.9640627285568263
ck_2951d76c41de2569,0.10093543570315695
ck_295565fbf77ef885,0.014531853855335935
ck_295bca29c34cfe2e,0.08759508943519612
ck_295c0072eca7f7a2,0.007896357279603567
ck_29640fc2fe81c251,0.5161522175405017
ck_2973b8274f0bf69b,0.010707570211044879
ck_2981d16f8a51a8ed,0.12903819591391133
ck_298278a9da874437,0.007348871757306105
ck_2987eab34ca7805d,0.017147362970359268
ck_298922703c5bbe05,0.2171499081108164
ck_29c11bd68858e923,0.0009102993927829785
ck_29da59ea3bffb9d8,0.9076950423041353
ck_29ea329fa40ace62,0.043918868786991166
ck_29f3a1737a2d9634,0.03545015873183584
ck_29fbabf855cabdff,0.004164621899885674
ck_2a01e610348b84f8,0.004278528242028513
ck_2a07c7021b71cf65,0.1727919900261274
ck_2a09c7aa870edb6b,0.0025744140682254497
ck_2a09d142de1c77ff,0.06776581608673753
ck_2a244f1ae08ef83c,0.03300141434294943
ck_2a2c336a69b8d68d,0.08063851338509477
ck_2a37fef48b44e9c8,0.08283455442223174
ck_2a46b7ca55239413,0.006573387499237037
ck_2a59f23fc5194699,0.24480630176759113
ck_2a5a4c18c2c7274b,0.006468437293107622
ck_2a5b31594206eb30,0.8516921880740035
ck_2a65f1cc23f1180e,0.000627974273990714
ck_2a6d43b9f883b78e,0.9164236169776848
ck_2a7eba01ceba6c2c,0.04049002321731403
ck_2a97db9377d01e36,0.006390985039417378
ck_2ab28149b0986642,0.1487319261888732
ck_2ab7eddee2d8c49e,0.0016274603893775416
ck_2ac36e1dff211d38,0.06793833763137566
ck_2acb54ca20c3af6c,0.09565061562813608
ck_2ad0ecbacd5acf8e,0.9957005062112406
ck_2ae44938847f3852,0.003567965741861191
ck_2ae6949246ea2648,0.008783696464746384
ck_2afdd69094c955c5,0.057561497888615386
ck_2b359a979520276e,0.004535391211494331
ck_2b699066665abe8a,0.015178221057920547
ck_2b7cadbc8b180d32,0.9602775148153629
ck_2b87683c90acb852,0.05706410777768977
ck_2b8f33e22f939372,0.9691718337840904
ck_2b90b76cf4d162f9,0.012934790246598727
ck_2baf214ad6bc0dbf,0.20255674386797115
ck_2bb1389e5e72c8f4,0.013395368458036643
ck_2bb49dc2388cdc1e,0.0068086988421143906
ck_2bb6a17e8eee35cc,0.01741724176061637
ck_2bb7c17168a9d17d,0.030079076403622472
ck_2bd73d9098504760,0.2158053477962709
ck_2bd96ddb8c323d63,0.9989506781089958
ck_2bdd8616870e5e1c,0.00013757902306820837
ck_2bf10be403849c9a,0.0030305966138352513
ck_2c041b1efb1c5063,0.013399595335863261
ck_2c1def5c91c52a5b,0.6562738763996152
ck_2c27b77c59d8f23b,0.19336029131053104
ck_2c2f080ba185016e,0.05776214002096322
ck_2c44ca550e5cfa82,0.011560233945400974
ck_2c4be237a7ed79c7,0.004607505051614447
ck_2c4d25acbe3fabd9,0.0761733464267036
ck_2c5bc11bb7ae5d2c,0.971663274959306
ck_2c629c657f73941f,0.007306137534323166
ck_2c6b174b063ec637,0.004031626597309345
ck_2c7667f64edec2b5,0.002277389942848504
ck_2c80a592fb4cd6a3,0.0015025253601100683
ck_2c91f62c05685ed7,0.03035789510337486
ck_2ca0020038bfec58,0.42420434075403574
ck_2ca83dbd728af019,0.005297353888951803
ck_2ca91214c357c072,0.4359289033851216
ck_2caf553b31831a50,0.0025716406225746503
ck_2cb3c99845e572da,0.0013783122738062952
ck_2cb763a881aee27f,0.00030602115476741505
ck_2cbc2f93a32eede8,0.039603007406273455
ck_2cc1d9b587f6da31,0.37979557821018584
ck_2cd21137a07fdd7d,0.0024964667305730393
ck_2cdad03ed069438c,0.0868511577274428
ck_2cdf5fd97ba75e06,0.26310171993367953
ck_2ce5afbc014763b8,0.024433742490252694
ck_2ce8931af02a2ce3,0.0074587086963328626
ck_2cee2dd7bbfc09a0,0.9809620805469015
ck_2cf8a44e041217de,0.12709300086092012
ck_2cfb9a7775e8a5bc,0.9973759845326147
ck_2d14bcd2e0fc043d,0.0011654464382952407
ck_2d1548f1ee405cc9,0.01093534840603641
ck_2d177b2f4f0b40c9,0.24308814361572278
ck_2d28f14d3973d8fb,0.001262722468100376
ck_2d3d6c9364362017,0.0005147750532543807
ck_2d3d7d64a6f443f8,0.003043492899114454
ck_2d46291975f0dd08,0.0007153687029931784
ck_2d5a6b6636a2596b,0.0018056792848787783
ck_2d634e3f24681c0f,0.018542417385346833
ck_2d695f8358383092,0.037093391500451336
ck_2d7394afd61643d0,0.00456050017336085
ck_2d923d957ffd4d53,0.04235462637569787
ck_2d9524787cfe1ab3,0.6673618504310341
ck_2d963f9b2c4d11e1,0.14688877371908038
ck_2db10f987d137582,0.0397071977325977
ck_2db3fb565e0211ee,0.00044085149335332
ck_2dc31db181150e20,0.0008618684561224075
ck_2dcbb71e39d64305,0.03636199989195289
ck_2dd147ce6d61749f,0.2528982206142776
ck_2dd39723c4088b64,0.04761883992354827
ck_2ddfc948b8eac752,0.8096451035112465
ck_2df4854186ec515b,0.0023778389714676066
ck_2df5a9fc87553eb1,0.021924069178083344
ck_2e0eedaaf2980c2c,0.0031379948112960757
ck_2e1b46c5fc56b863,0.22621233231957766
ck_2e315f1b1e533dab,0.0017026409405507146
ck_2e481d75d110c06d,0.10255663710233098
ck_2e679af24adedac8,0.00905552745468406
ck_2e824b0b27494a17,0.051555901789196924
ck_2ee84f3fa27f2cb8,0.006896433759166887
ck_2ef76f1f36e8b869,0.3943018458934131
ck_2f138fce1171e277,0.014890196295013964
ck_2f241b97c0f8389e,0.04009428339517043
ck_2f4f94827984c426,0.0005802337389064256
ck_2f6a639468f41043,0.0010926887200561342
ck_2f6b33bf46976229,0.0029500907697690443
ck_2f6e64f638da0f97,0.0037535814399734333
ck_2f8120ca80a1592c,0.005142650080885908
ck_2f82ea66c4f53b33,0.38769068317157374
ck_2f9fa0d61829f815,0.00671414151082574
ck_2f9fd36a4a40a6a8,0.0005634584419720762
ck_2fa8f2577116e9ca,0.18152982999508438
ck_2faf7ecccc9fec58,5.976344063739638e-05
ck_2fc70b6baf6a0e26,0.009012308936257575
ck_2fe6cac002142f67,0.27093778904580124
ck_2ff1860da2004c84,0.0005009448480712449
ck_3019afee83342701,0.06743591385366213
ck_303b33910d67f306,0.005165777988429985
ck_3049d744b527f4d0,0.008009436899092984
ck_30753ffe481a1b8c,0.6466078804313358
ck_309a432c160a17b3,0.008847867610080277
ck_30bf5b0056eea9e9,0.22747517918064114
ck_30dac0a58c5590cb,0.18298792550402437
ck_30f4b2ee8abe1342,0.2655299789958494
ck_310f73940fc4cf4f,0.016608514741894172
ck_31109c899336348d,0.004447496261927245
ck_31199510b40602a1,0.00854623650331343
ck_311d395fa9b8550a,0.0085005038295827
ck_3132857aec8485bc,0.00013717067424899915
ck_3135c019696ee6af,0.9936470550581631
ck_3152c7115257f084,0.003675488971566385
ck_315fb710a0e371e7,0.0005216941868311015
ck_31631e2028d4f855,0.03484575184721739
ck_3168f4f2778d64e1,0.016108191073864152
ck_317360ec0a67d27e,0.08690643015193873
ck_31742076e9a998f8,0.006186160303021248
ck_3174419a81e7caf2,0.0019888923347523044
ck_3199b471575aeb3a,0.0023403608354826224
ck_319b059bb2145586,0.14754442054960892
ck_31b16b8848584e98,0.02224263835798272
ck_31c54d540b128843,0.010647733612974882
ck_31d4c0518e5f52c6,0.010973095388063122
ck_31d5e3daced93d3c,0.007017648564753787
ck_31e1ede23247d56b,0.07283815296058617
ck_31e70f2f04b48b88,0.0016350065919299179
ck_31e7742f160980ef,0.007497564207864589
ck_31fc51d5a3dfe16a,0.02573779773333439
ck_3209c530c9812e39,0.01770923211699074
ck_320df984791a1b99,0.009675488149617691
ck_321e740066fb05c3,0.9190266912568326
ck_3222ea25aa29bfa6,0.0032490141457054357
ck_32246c62640648d9,0.0012885425086052234
ck_322ffda3332d08a2,0.12334043926002027
ck_323a71f9452d21cb,0.7630053571095893
ck_323b9cc5c49f8ea0,0.8874159381174785
ck_32430e678c4f9f53,0.0024689582177655454
ck_324b9939d9c1c31e,0.0009202645631358583
ck_325c7643cce02da3,0.011516585146992499
ck_325caeab5c7a9c3a,0.006681643036612613
ck_3265442528d51728,0.0714696307472832
ck_3267fe3aac05c71e,0.010981233684148401
ck_3272c2c4a37d5220,0.7706985763316769
ck_328696b8f5e54ec6,0.3139314045639663
ck_329a73dbd585ee09,0.011460317278603794
ck_329f7de7279e74c5,0.0029713741644386707
ck_32a495128395fde5,0.0129842326434577
ck_32bb42f9bff197f8,0.008465569630495974
ck_32e486859130458f,0.9217975959174199
ck_32eba3510c8eac5e,0.02636270273943897
ck_32f590e87bc3d715,0.00015215766234526532
ck_32f632706608859e,0.0016442760450789396
ck_3303fd3f64632c7c,0.37440462149123255
ck_33160c443d4b3f19,0.010038591264974321
ck_3327a0582407068b,0.026228063160809906
ck_332ad134fb909869,0.008380533278477834
ck_333544d173524f70,0.059187114100757054
ck_333a43ec339a04cb,0.08639471134157144
ck_335e63101b1e6c4c,0.759475888287593
ck_3364a1d9261b3638,0.013561991127890007
ck_3365a0ad1a8aa83c,0.004579885039193169
ck_337b24a474010abb,0.9997923422686094
ck_337b930fd149a696,0.0209878892557438
ck_337c5684510cf432,0.044027686670414644
ck_337e98c69f6e7886,0.0137311276579287
ck_3380d60067b4634b,0.0007225989509566038
ck_3397c7856b4669a5,0.0009942795083003292
ck_3398551e81dbf3db,0.07387550686969013
ck_33ad8d53394ba77a,0.5836528748915676
ck_33ecaa7b892e73df,0.00654434902696688
ck_33ecff7914349ebc,0.019787924157667745
ck_3420f2fd520890f3,0.006347386711357183
ck_3428910b44b9d08f,0.21612081216120452
ck_342a79f91de5d1fa,0.025399437486605874
ck_343e6ed2b9d35c01,0.003197662498219805
ck_344a95cb7115ec67,0.0018212081981990621
ck_344b2e326a6c3dcc,0.003997829919874737
ck_347386629d96c664,0.02102733693851776
ck_348a525791ae6475,0.11544069721521273
ck_348c874eaf0354f4,0.2330053320867476
ck_349cc5edda1b8853,0.19222974190674408
ck_34a33ffe8339f66d,0.9934498522398756
ck_34a69b3b4a681796,0.5885244439378018
ck_34a6bd3be642f15c,0.012798740776451796
ck_34b0988a97d96902,0.010250860917233722
ck_34bd190d37eda534,0.085767428224924
ck_34d6d74bb3ed11e5,0.002774606220503816
ck_34dfb57e5bf31d2f,0.14520676758262938
ck_34ed59bc2c9b0186,0.004481210615980451
ck_34f9951b0eca1965,0.02343177493843029
ck_350bf14e90b503f5,0.028337453865262787
ck_3521243bdac61178,0.009709600290636432
ck_352657008983fd4b,0.03931802442498489
ck_3534be0f4efd313c,0.4216829453258644
ck_353a272478f7e903,0.016512562781247884
ck_354379de065a8ff8,0.0006145247122307949
ck_354909fecf5da8cf,0.03772085080481876
ck_355c4f29089731e8,0.9473624414510037
ck_35694db37f0cde7a,0.0016379454786215062
ck_35b1939c48182a9a,0.004388526503543632
ck_35bee1fc12664644,0.28806732744853714
ck_35c93b2924900376,0.008017438992754098
ck_35d6c510ad29362e,0.29201641098286096
ck_35e411b05d22f663,0.017186139946798212
ck_35f8656bf93e3b3d,0.024181726964434963
ck_35fe969c58b9e70b,0.34921975501542774
ck_360237c1bd30f4bd,0.0016356789389029341
ck_361f535599110201,0.01184572645285692
ck_36224a2d394ebfe4,0.3196569088548321
ck_36287d063350ce9d,0.00797205431395699
ck_362ce13eec1e33a0,0.007851250756745273
ck_363751deae40edfb,0.11457844114576306
ck_3638bc3388dbc1bc,0.31397793408862795
ck_3646515079e6be55,0.005797705049981015
ck_364cde38958b7af3,0.5124144249562947
ck_364f8203a3e98d36,0.936227098559129
ck_366616a725afc6bd,0.032190139396267664
ck_36789ca11459131e,0.13132639683977648
ck_3689fa41748a6f6b,0.33256717115331996
ck_368b65fca69fc415,0.120043118971656
ck_368b968b5f33431e,0.0014812574080558549
ck_36979996f33498f7,0.38377705240553567
ck_36d2be9012f7909e,0.1807393301585772
ck_36d37be780c1291c,0.0003364389967802752
ck_36d78ff3bc033ee5,0.028082757440029343
ck_36e72ef9273e7a95,0.01362753139408822
ck_37139b41c5370523,0.05313724610684533
ck_37143d9cc296e6fa,0.018497352605053217
ck_3715bfa7fed2c675,0.010218216648887979
ck_3716c6181a5035bc,0.052402049668564765
ck_37176850ed68831e,0.0014967350202696342
ck_371bd9388b287677,0.0025365312956075092
ck_374865697f1480eb,0.06929397540267655
ck_3753cc5b9d02e2fd,0.0009375488741872462
ck_3759939a0205306d,0.0052917257945551965
ck_37899b1b571b1c6b,0.01397723520200832
ck_378a9df82b1e0bee,0.5874392602804636
ck_37ad3a65db673e70,0.007508948205489349
ck_37d3e5c681a2214d,0.7762662780537697
ck_37d47cf0f34574a2,0.0016424491089444835
ck_37dab6a0a536ed49,0.1511921982369829
ck_382ebf136f7fa337,0.44894570961982516
ck_3830c58d841e9e69,0.8950605752713229
ck_3837ad850996ba60,0.038365378230795485
ck_384ccecd342a24ad,0.0020670952277123678
ck_385188ab27784fe3,0.1537467649374387
ck_3854c08d17704347,0.2880947783303771
ck_3865b7525b910893,0.010341331841225546
ck_386680372fb54857,0.004423452701184085
ck_38703b7546d35a80,0.024112248162206276
ck_38730aace405f2ae,0.9994103922711586
ck_387e5a7f163c7837,0.022932849226889786
ck_3882423b449f6291,0.9975779618807835
ck_389607982eb6b701,0.902603755672181
ck_38abb60995114f8f,0.035510820053258875
ck_38ba4a6b6a292054,0.04372884239976516
ck_38ba64efa7c38250,0.03924478136483497
ck_38c1c75cf055031b,0.04700915850923678
ck_38d1a22850178f33,0.0016742696788210737
ck_38d4ed52cbe6d123,0.05566658967592174
ck_38da3bf629458682,0.004871087789931232
ck_38e46bc861e0165b,0.04698693166647021
ck_38e4a74ab256e2eb,0.03597591310837985
ck_38ea56d43afa5660,0.016270063517411767
ck_38ee42f15a573e81,0.008696119855587646
ck_391639c0f13932f3,0.001728574444949879
ck_3925f8565abb7fe4,0.024145886878219978
ck_392cf2cdd515c34d,0.002612911887072537
ck_393287947b5c8d79,0.01746700338806235
ck_3938e92585df2b34,0.029500320896732584
ck_3954b7b0fd1d6614,0.0006695464416852003
ck_395f3bd4aacd7ca6,0.03641297472151363
ck_39638880292782a7,0.002891512809307174
ck_396cea6f95186ad2,0.03692303264470479
ck_396e9ea9a6c6d7d9,0.053966944438898296
ck_397c03aa33a57310,0.4202603179189934
ck_397d5fcc9972f909,0.1344791173072368
ck_398a1ed77b0130e5,0.002511867817528041
ck_398f3f4cf05c721b,0.0009047919944995134
ck_399b0d510be98bd2,0.0036247892412710394
ck_399e45e5fe9beaee,0.010755570587395253
ck_39a3f1da060e88bf,0.02716746203620202
ck_39a68c55a1bd3ace,0.716538385200212
ck_39a81899dded61e4,0.01232450315769148
ck_39d5f6c17c745ab1,0.0011455192131417618
ck_3a0e0200cbb185cb,0.03716808725946652
ck_3a30132a57181fe3,0.038178196655956696
ck_3a34c3ac83cf84b3,0.018238277845070275
ck_3a3daa8b376f2a18,0.0017563994315795358
ck_3a469039a5b9d963,0.013144754377408337
ck_3a47e3f54475e854,0.0014803885623001134
ck_3a4811dc4a1a891d,0.006313121555141609
ck_3a57a13ce032a6fe,0.0063394690707624535
ck_3a632cdf2c19051b,0.012951369377866251
ck_3a70b4ee59084715,0.010613175894945596
ck_3a8ce1cc724229b8,0.0024634725374542204
ck_3aabf5e0f4defb41,0.04275950968088804
ck_3abfc010091d679d,0.0764547890774453
ck_3ac528caac74f563,0.0038130688139812307
ck_3acccc69f8b1fd14,0.035530241944065656
ck_3acdb083e0d8ad61,0.00011812268912893173
ck_3acfec10eec32f9c,0.028788535222686526
ck_3ad3fd3cceb56b66,0.9928128801892491
ck_3ad6e7bf452c9b21,0.014585276234466331
ck_3add4d23124c9290,0.0018107880158625019
ck_3ade9eac7d7b0dbf,0.2092278007160999
ck_3af1eb88728ed8c7,0.05197930632439132
ck_3b150afde386ecff,0.06993516598683007
ck_3b1766a1d51f8f0e,0.56696608773079
ck_3b1d7648d4580bef,0.0016353804290618126
ck_3b436cb29af99f3d,0.022194084583362594
ck_3b49768b448b071e,0.04752706782141658
ck_3b6057d51fd4c7d6,0.008027388698580308
ck_3b66196ccf436c35,0.0008959803278793516
ck_3b74512f774a6e5a,0.008467790289413225
ck_3b810f15ca0eaa55,0.007425172061061407
ck_3b92a46daf8d00d2,0.008996136064391346
ck_3b963d6be2773861,0.009985638985799156
ck_3ba3fa5387bacee8,5.816132294314188e-05
ck_3baae40454c00938,0.01182250356743381
ck_3bd12d468fdc2450,0.03018302899941054
ck_3be72c9c178fa00d,0.010495868148163619
ck_3be854e42e76569a,0.0026277733076441735
ck_3bece63711407e25,0.006515437460641259
ck_3c0031d7514da17b,0.011302662896376168
ck_3c02d4dbbf6716b6,0.008149921442324676
ck_3c08546dd0c92863,0.016065099863148018
ck_3c177f5970b68bd3,0.035320213686238076
ck_3c17841636f6f7dc,0.005162095615095823
ck_3c25029e40aa8a84,0.006681866228797865
ck_3c3a1a1365741bba,0.007806796938933163
ck_3c48e0cfc2a58041,0.8789864305496192
ck_3c59df37895ead2d,0.007462301361524473
ck_3c6417a233c68c73,0.07344426898215978
ck_3c9a06eb07c300e4,0.0050220024250046385
ck_3caec7dd6f8d02c9,0.23800843127229912
ck_3ce7cad1f69b71d6,0.011768511129595574
ck_3cfeade2cf270fee,0.014032300736137787
ck_3d139692c51b604a,0.17235356941265376
ck_3d41faeb96802f68,0.0003303451618893204
ck_3d4913a86f207fee,0.05704526407243255
ck_3d56b477fe2370b6,0.0060358571100011214
ck_3d58628d1c853c8a,0.0023365185256934797
ck_3d6046a533057795,0.008140647439908612
ck_3d6c3c00d854f5a4,0.5257152771421609
ck_3d7b1078e2d57c69,0.0027765911191450026
ck_3d7db96995745472,0.04558287435777802
ck_3d7fa32dfb9fc692,0.13515576600399176
ck_3d83e0a3c1cfbf8b,0.007080659496732165
ck_3d9afd862b3f4053,0.8299746635098881
ck_3db59982cbae4410,0.021649015855424784
ck_3db73bbe03c3d240,0.0014875467620391683
ck_3dc378f37d0b74b8,0.038362159015653964
ck_3dc4d464386f0eb2,0.7100774850328936
ck_3dd542c2d31be2c0,0.0814504507203771
ck_3ded7a8720d7e311,0.003409610825767988
ck_3dee83fa2d109484,0.0010597264541505195
ck_3df8da6f60a89a5b,0.006125251245578926
ck_3e0149cdee4cb294,0.017217632894237504
ck_3e24b026bc66789b,0.0006651438443969918
ck_3e2516a3e35067e0,0.002462300462118521
ck_3e3c64b3b7876ce6,0.02392763242242235
ck_3e3ea5d8c4a229dc,0.06399529282162533
ck_3e47f8c56c811700,0.07727837938047528
ck_3e4d02a04be2aaf8,0.08205446528367963
ck_3e6833574edf1736,0.007084958401857637
ck_3e6f35e4500d2f2a,0.00042422527823942426
ck_3e91dcc209431984,0.12355337172180274
ck_3e9e3bba8bd363af,0.00201922269667312
ck_3eb6146c262e0fc3,0.0009545056273361961
ck_3eb73e56751c704d,0.0642072188262117
ck_3eba1fd2c7acc4c0,0.8129371651239949
ck_3ec9b9d8dd7be11c,0.08701741521669046
ck_3ecd8a5ce65e21ca,0.005035413824791152
ck_3ed4d13f12fd9d0e,0.041091029231400004
ck_3ed9e081959b2f5c,0.026241005882374088
ck_3edaa94d28cd48ea,0.003307142054220091
ck_3edc45db58760d76,0.0013054990620890215
ck_3ef7a03ebb81cfe3,0.0009371952671886668
ck_3efb0e9bf25612c7,0.016156616074526384
ck_3f090fc96c24eb28,0.0028959531841111466
ck_3f1287e6c27de0dc,0.015752208046473887
ck_3f16e2cd7e6874cc,0.029525128237654134
ck_3f5ae4673a9f858e,0.07412732173184478
ck_3f5e8f3f1df0c8c7,0.07192658634446479
ck_3f730318a9792292,0.031097573155569692
ck_3f7c870510083a51,0.0030427757324490707
ck_3f8571d4f7420b2a,0.11842204842614008
ck_3f943f20a9da9bff,0.00903312586562979
ck_3f94a34f5038f7c1,0.8201617104311315
ck_3f9e6d356d3dd3cf,0.0013032960887666152
ck_3fa1a523d77cd619,0.04159910791646577
ck_3fa559c679751b3a,0.0325414413589836
ck_3fb95862b70f505c,0.09644061091920761
ck_3fb9813849e51837,0.005081665883997808
ck_3fe86b6331ff95e3,0.1516042200596245
ck_40052cac10562cde,0.023222002937807813
ck_40140bef4db73741,0.0038283451107589826
ck_402db4184982fdf5,0.0548602054510446
ck_403da2a2d800df9f,0.3055909310734319
ck_404e2217fd87fdd2,0.0027310618132842983
ck_405b20ef9ad0ba5f,0.23359778778934756
ck_406c4442dee45cd1,0.0018990113626231385
ck_4072b59388976896,0.010395221421017372
ck_40780fc0f8d6f309,0.12493489507375258
ck_40799e129fcf42c5,0.33941211661880366
ck_4085cd3bf2661518,0.034859524312172104
ck_4087065be2a45ad7,0.4997915166989321
ck_408efac1d3885ff8,0.010029368996039196
ck_40b4e264d1a12b83,0.9704623412793029
ck_40bc6de252865f32,0.0022055172618188094
ck_40e84e6ffe788a4c,0.09283320770601222
ck_4108b4038f762817,0.49429476573694286
ck_410c3e13b48e0415,0.002104805164545196
ck_411219470d0a195c,0.01312323007280314
ck_41346ccd9242cc8f,0.00031183104385228014
ck_4136b00924695ab4,0.0002044780501449803
ck_41406cfa209b6bda,0.00059697214972039
ck_416f7ac57da081a3,0.007015757938926864
ck_417090dbffb1a63c,0.04524574069166738
ck_417a3500b2c717b3,0.07308058164214554
ck_4185506d12cf9fa0,0.00039641569189060596
ck_41938582f4351772,0.15292100808241094
ck_4199342d3aca74e8,0.07304521032031994
ck_41af3729590c2484,0.003289629145945551
ck_41b954c7a948c060,0.011643757982099759
ck_41ba315d8fccb559,0.005499285227563655
ck_41bc3efa0fca700e,0.021966656099500975
ck_41d91dc9f5063566,0.04267995353526656
ck_41dd44308e6a665a,0.4594097578272298
ck_41ef7967faf5ce82,0.00013104820184399368
ck_420d1a9c604293ce,0.013445411180283265
ck_4221e07b17388fd3,0.08155331664734587
ck_42317c3eabd0a285,0.13360168888902849
ck_42341cf31c08c981,0.0021375627922744695
ck_423ff4ede6a9f066,0.022049002326162127
ck_424c254249a109f0,0.04203526121706003
ck_42633573639a3f02,0.9952735811605504
ck_427b91925952cb40,0.024457596562887998
ck_4280c33af57eb4f4,0.0024243700023393413
ck_4291fd9c1161d8e1,0.09191239421615656
ck_42c6973d3a6fe983,0.0009012216084316534
ck_42dcf92e9e016922,0.07603076891047474
ck_430a3d03be588201,0.01790209315817078
ck_431118050b834dcb,9.475546139198419e-05
ck_43292f70a03ddf2b,0.05782638814480911
ck_432cc19c7eeaa46e,0.0752371355148084
ck_4339f86c87289222,0.9082385754706809
ck_435cb24538c6f77c,0.07805213953200486
ck_43637d28c7216453,0.003058650772642874
ck_4364a83a11743888,0.0017755429229618159
ck_437afe412ea4259c,0.20437901024780325
ck_437f9ecd2016a1a8,0.004347690840582881
ck_4388abce33ecd01b,0.6073664443814977
ck_43948784650bb9ac,0.01067981529356052
ck_439cf7d51ec7de0f,0.007843491270040349
ck_43aa136bdb0a2832,0.6026633814034225
ck_43c1248db37a2eb0,0.0029020373232244907
ck_43dc13b6b6d31297,0.2601615013694755
ck_43ea894480567274,0.2081965482455942
ck_44211dc210139ed3,0.07976751566426654
ck_4424a5223ba2fe00,0.049446942277072976
ck_4450b55f462ae134,0.0011009620885544956
ck_448456f96788713b,0.10303900787725631
ck_44950df09ff14ded,0.004088301619192854
ck_44b9125526acb05d,0.1155373804982433
ck_44e57a0bad5a0745,0.011530093261079113
ck_44e9a18a8645c9d3,0.0012951407122115852
ck_45424ea6f0bc4650,0.8056518555924916
ck_454a7e4d859a3409,0.002335619267086633
ck_454b9e21b7f25a4c,0.003072985466779958
ck_455672e652fe1abc,0.9899360545399561
ck_4563227b2038ae07,0.41965348314774487
ck_458531c22ec2f9b3,0.017739523001822403
ck_4596624a7c01d501,0.02206753657112344
ck_45a16ce12893cf9b,0.06691982867193916
ck_45cd5ef6b359e9b4,0.004287258685776014
ck_45e70c8a9686580c,0.2946046001408001
ck_45ed5ee496ef8a67,0.007803725526972748
ck_45f4c821c70d134f,0.8920105972858097
ck_45f57fb8194cefc8,0.04216725846885131
ck_4610a073bb54d1b1,0.032142259150867374
ck_461e3f7b97db8d16,0.08331054107285277
ck_46225858a38b2e57,0.0017888999083316745
ck_4637e54a9f79e2e7,0.0011420463466914868
ck_463937167965a1f8,0.02082130462906811
ck_463ae759e2b6ad1d,0.009573668158968889
ck_465cb8ce232c7670,0.008792358712534802
ck_466103ec5bd9444b,0.05746415601164578
ck_46656a23f4456d22,0.9374055190725008
ck_4666232ddbf77756,0.01929742752459948
ck_466a7316eaf149b1,0.02307003187361174
ck_466d4b5366c50b98,0.0012108008127918448
ck_466dc6274fecd708,0.007673466057770056
ck_4672167d7c989bbf,0.3320458115269964
ck_4682fad271d47eb0,0.9901545975943021
ck_4684fdd61c6a0fac,0.031381537186823266
ck_469a0578d05990c2,0.008237190105650724
ck_469c17407d17b706,0.01640484508265443
ck_46a8db16ad00b749,0.1038015620713781
ck_46bc797b4d07d607,0.0020903453359423355
ck_46bec0bff167ed3f,0.10370560904570209
ck_46bfb2cfc29a6d2e,0.016680607325843602
ck_46d51648c1bf80e5,0.562929563524312
ck_46d8c029d46867b2,0.002619073550818112
ck_46f4e1f5026f4d1b,0.00037480129025634665
ck_4717f24f2c6f40e1,0.15643329387858404
ck_4719112b55d20161,0.0923284103094912
ck_471e4018a23b4e56,0.0009517263691833764
ck_472c81a144f4631b,0.0006251972440724927
ck_472e0be7a3b533bb,0.017686496838778116
ck_4732da7e0d2dfc7c,0.0011482651383360768
ck_4737e0d56c6fa0a1,0.011653170722447162
ck_473d6314ea614b29,0.01985404462467993
ck_475ea9aa6d3898b7,0.31775398765785184
ck_475ebccca25e30d1,0.013767886939615486
ck_4760216154c8cac2,0.7177748835559616
ck_478d2667aa9896d9,0.003972216329995376
ck_479a065d5903e9c3,0.004796213208533779
ck_47a6005fabc33551,0.014934369798622638
ck_47a884dec960ff2d,0.03041205082223836
ck_47ab8e51e5b3a2d8,0.011990311822726345
ck_47cad6c3def4c9e4,0.001758422872141823
ck_47d29c01b20cf69f,0.013120242515069132
ck_47d3e8d1dd3fbcef,0.029194726257417196
ck_47de038381a9cd65,0.027343799838724342
ck_47e1032f490bb018,0.011671165394710657
ck_48011996d54855ac,0.5319626501181846
ck_4802a0a7a1882c88,0.7812273503933015
ck_480347ad92037105,0.013438186512808413
ck_4807726e797fb893,0.05446360371843339
ck_4819327a78615485,0.0039911133664889565
ck_482dea6eed92cbbc,0.05151100700637768
ck_483fb981a1fb4317,0.004078919975150349
ck_48446a9e8184c7d4,0.0008212277739925208
ck_4859a58629622915,0.013011083319954436
ck_4863077723cd6ce1,0.007945599358368987
ck_4874bdec79f9106c,0.015950359843087198
ck_487f7fbc290e4ae2,0.003733286091999527
ck_48a6754977a44db0,0.006656495049386754
ck_48d0fc4f6a2109fa,0.998450316519255
ck_48d4d63beb26b623,0.0016160064201172387
ck_48e84b0cb0b90fa7,0.02306973186998601
ck_49170c4b31a20f5c,0.00040332953538753716
ck_492e4b89c61b7b6c,0.020736603398882055
ck_4937cfa6526ea138,0.01637637335566669
ck_493b6256091014cd,0.02554035584730962
ck_4940e78cbdcfecf3,0.01151960895599431
ck_494954023f0eb309,0.07951686065818601
ck_494ec63c5ce8e150,0.010262627616027052
ck_495d814d6d6d521e,0.001232207718220422
ck_49685deb63e4e8f8,0.06847104942380534
ck_497ed60723283c0b,0.018764057155442007
ck_49839e761d0e74e9,0.0038199790877860855
ck_49886ff1e2c759d6,0.01982845206622373
ck_498a0acd450944d8,0.002117805381964142
ck_49969a9abc47cb69,0.010913552672654401
ck_49a0efb5d4067b6f,0.05172590079628185
ck_49ab879b5aa7fccd,0.5871999360451349
ck_49bdba9ee1899dfe,0.08612550359552475
ck_49c3bf13dc9471ce,0.03062478699902079
ck_49c98bebd1338879,0.001494711454430038
ck_49ccc3716a564256,0.009244984172699833
ck_49dd816b31fba6b6,0.8314243443169956
ck_49dddb894d33f6db,0.17362415168982895
ck_49df70f908dfd069,0.20430057754982558
ck_49e253ea12f4e922,0.05686128771232125
ck_4a0eae220a762ac5,0.05548144037214277
ck_4a103f8254b366f7,0.025984377282990207
ck_4a1f0172d3bf4fd3,0.018818696781693275
ck_4a24ad61d017e1ba,0.04810643778547392
ck_4a522ca2dc4831a0,0.0001595676512689913
ck_4a59f4e10bf45d7f,0.0006373089613729978
ck_4a691892d9d6cf89,0.009840936822804366
ck_4a733aeb833406f4,0.01855184361599123
ck_4a9a791a1d409a3d,0.035126909730393056
ck_4ab74a6e7450416c,0.0035623327640834307
ck_4ac918e884cff336,0.07183131999897252
ck_4ad5937bef176d89,0.0011507575729666857
ck_4af5ec61ddbde1a4,0.08034320236093259
ck_4af7b97c24d89a45,0.0702486740205041
ck_4b00e75c2d2d0522,0.0010510424352914666
ck_4b041217690fca2f,0.045907234909036206
ck_4b088920f3a844c1,0.07150419887318135
ck_4b0947bf94e9d847,0.18379569850459176
ck_4b123d6931b6d0d7,0.2526657223168622
ck_4b15b0746318cf42,0.13000613211593154
ck_4b2e87d86a5e415c,0.21511938557238044
ck_4b31a8862a857e6e,0.99159491733374
ck_4b3506b624e5193c,0.04423878304104333
ck_4b387765f0e916cd,0.0028871939960311596
ck_4b4a3c5b95c55b43,0.0005153765028281588
ck_4b4d99e443618904,0.028087720134631365
ck_4b68b38c1b3326a3,0.0013720245377530403
ck_4b84357ae8ec7777,0.009817258452712642
ck_4b97d19ed946f503,0.03749293248550328
ck_4b9dd69946438d0b,0.012017768058710214
ck_4ba8bec14c2217e1,0.004296578836007004
ck_4bb90a61c21a303b,0.0008589476870132138
ck_4bc42878fa180991,0.04804959596461545
ck_4bca22b5926b9c28,0.003908806829854493
ck_4be03a2aa62b93c7,0.0005604169342829562
ck_4becdd3d2696c7ba,0.005404686319147947
ck_4bfeb78b47b7c6a1,0.12270434914186497
ck_4c1fdd1669c7cf51,0.00664149299530693
ck_4c25570eb72711b8,0.0007432315592572912
ck_4c2f2eb657c2c60e,0.010277158468620191
ck_4c352dd3e7c81269,0.010491378338444931
ck_4c37586080edb7fd,0.0006026906312831396
ck_4c4a939154446053,0.0014799399727799998
ck_4c518637db2322d5,0.20556581110927347
ck_4c5ff58afe3d7a67,0.0016784382474157717
ck_4c6ea04ce8ca9e2c,0.00590271302365815
ck_4c76efcc1ee6762d,0.09051970316401607
ck_4c7c50684827a2cf,0.006036941296973187
ck_4c840e5585a7b167,0.601577056152942
ck_4c99a6eadea143e2,0.14131304395393207
ck_4cc11c7d3ca61f73,0.0021753349785170444
ck_4ceb43ccd0a81c2f,0.005796264303753163
ck_4cedf26628c84f26,0.04005696138978048
ck_4d1baef193cfb900,0.07926269296457146
ck_4d2159603045109e,0.007151956278736449
ck_4d3aa36ff83f1132,0.9030847073713429
ck_4d503c41cf4e5034,0.012576229881865483
ck_4d9eb75e8eee90fd,0.25293949069915994
ck_4db6d4fd2b49aa81,0.03352110786988927
ck_4db95c310e105d30,0.0005633459509047912
ck_4dd4ed23e0b927b7,0.748011024651886
ck_4dec3df58077a257,0.24544180184442488
ck_4df036e2aa7e1056,0.008164329468946964
ck_4df2fb8e4b649e27,0.005454003468469785
ck_4dfa1c1e9b69fcc8,0.009898325058759344
ck_4dfd8947f540eb24,0.020548675773136776
ck_4e0e80f5cc271bf7,0.00017003231461872392
ck_4e1757d1347ab387,0.9989774770582207
ck_4e329e29dfa743ea,0.5220113379200183
ck_4e333c09f0c37dee,0.0231704015566822
ck_4e39e3b165edab58,0.993177084147527
ck_4e4f99102f6938cf,0.008808670604547153
ck_4e862c2f48c38aeb,0.011525789909598759
ck_4e9a6f06ab134102,0.003781604448819475
ck_4e9fba1ec54c3ff8,0.034892906895856196
ck_4eadbe7298b15e96,0.01240863632150535
ck_4eb1c12f7d092bac,0.0012079534115611273
ck_4ec040b9e3785e4a,0.005217509253540848
ck_4ed711fe4053e74d,0.3539560572865096
ck_4ef9de711c3d93b1,0.065120690452219
ck_4f01f7eac0efaba5,0.024879138189872297
ck_4f05daf1cf0d5755,0.0004925575787897346
ck_4f0c5857da45fb28,0.4602746552491838
ck_4f1e962ff8a29732,0.0091464175595466
ck_4f325dd15c9bd45c,0.04759211535276772
ck_4f463ef25325ddfa,0.7694449994700083
ck_4f490e379e9ded9a,0.0015244130137296412
ck_4f521611ae14ae66,0.0011276310564864497
ck_4f5d022c99f118b7,0.10303090942717011
ck_4f5d7985bcc2eda4,0.0046986961561845874
ck_4f639f4ee6ce8d9e,0.14146704703571544
ck_4f63d5245b3ac1dd,0.014681253982037044
ck_4f6ed5ea5ab7c429,0.0031590412375599158
ck_4f75144c6f3b13ad,0.0154482606744572
ck_4f875342394c110f,0.05317620516253192
ck_4fa85cebf707de2c,0.0002307278192629751
ck_4fc6256e0e60a926,0.009259999511654982
ck_4fd9dc00e1913587,0.9960562837864998
ck_4fe4b072f03f2c1e,0.002125210013311224
ck_4feb21e2fb0b3977,0.0012695128706739505
ck_4fecb87eaffd5cb5,0.0024275302278089768
ck_4ff6fc70bccfba96,0.3101709616778322
ck_4ffe0366df388604,0.015981244133065203
ck_50087d8666191144,0.6733735731833221
ck_500948a8d4bd8e13,0.056039612027275955
ck_5009a6c8bbaf15ba,0.08369426817291788
ck_5010ffb1c94187b5,0.0026371417449168742
ck_5014a3b07e1f049f,0.9470043406960057
ck_50176dae5b1b716d,0.002236097290955514
ck_501dcf1ead036d2b,0.02719535132652934
ck_50422466f145bfd7,0.0006107634800501173
ck_5043e474f848346d,0.046305118655964754
ck_50460e0189de6274,0.9850172113258269
ck_504a45ee08db72b6,0.0072746341587374246
ck_5060aefcc8b6f958,0.01618043228966482
ck_5068ee554ceff971,0.047343809593236294
ck_507a6a580ab55c76,0.020768448854780786
ck_507e40760a24d2d5,0.056019712394889426
ck_509c22828d467ba3,0.1438054858486896
ck_509cece86a558de4,0.0047022079269573675
ck_50d0bb7edd8c69c0,0.15140634712200948
ck_50d7c4dab837bf66,0.005713825811624346
ck_50df50af592b0c06,0.00476856474350108
ck_50ed8f4e7ae6710f,0.0057804574513916655
ck_50ede3eb561a202c,0.010038723732333782
ck_510bfbbee37ff436,0.012703885364592065
ck_510e7c5df1f95d90,0.9993745204473408
ck_5124a2e415384945,0.05359671720837311
ck_512ebe97c0af94dd,0.3749396844021514
ck_5138f6c575dec64c,0.021149922623954116
ck_51440f64f7250ad7,0.05726946362120685
ck_515379973a8044b8,0.006608156443738945
ck_516163fcf04d5e77,0.009532974089553836
ck_517620ca16505af0,0.001910212813071677
ck_5177fc7137ff26ce,0.0008509633698428173
ck_5189a302cfa7cefd,0.00019771791710805313
ck_519a26ecf3d29c90,0.009555942283596103
ck_51bbbf8f8e8ad005,0.999706277862526
ck_51bd5f69b4fe0b92,0.7659304950689723
ck_51c50c4c443df31a,0.6759663219959634
ck_51d3e8dd7465c015,0.0003917256576854293
ck_51d842e6dae74c71,0.002961771176435138
ck_51efdd240e34c642,0.07736959583309999
ck_51fe0b613c076cbe,4.143186094799086e-05
ck_520ec32c4f253604,0.03532098177044067
ck_52174855b243a8b0,0.28322593237394245
ck_5217b55593a332ca,0.2198132727603
ck_522477be6376b450,0.021721199641252117
ck_523dce06515b072d,0.006664647143858972
ck_52427b3f8478db19,0.050738611316901557
ck_52453401f88935da,0.17303275633180737
ck_5245cbc5ff4d4fa6,0.028006112355269567
ck_5249b223000915ec,0.10906856324635178
ck_52730906e5b461eb,0.9543581443475093
ck_527550dd15f38782,0.07488967058944467
ck_5275be4e1577c1c7,0.0017131786649905957
ck_529fc3170fd11abd,0.16485884475708293
ck_52c0ef68aa2fb8cf,0.030748839763667105
ck_52c311f29ca3aca9,0.0007498833714579652
ck_52cc2fd5095b169d,0.05393514293431817
ck_52dec82e9cf6135a,0.006512410265499855
ck_52e1418cf1aa9871,0.028398353541933593
ck_52e37e2170532e2a,0.8553494587009706
ck_52f641c9ee6fda70,0.0005452164965516581
ck_53036d3c6c74446c,0.4463192156687961
ck_533672fb40531607,0.24300698012767658
ck_533c4f7400d5ab22,0.5472956421379855
ck_53428573abcd606f,0.041145012373358276
ck_5379452a9d74efae,0.00213514641182845
ck_537cc97d0398c922,0.37393781952324034
ck_53816231f3ffb48d,0.0030232767409842983
ck_538dad7f096458ad,0.0024731298548953933
ck_538fdbbb3c2bcbbb,0.02938476750067475
ck_539cb0d117db8cd3,0.5565033511639167
ck_53a6a33060d5c8b8,0.013324232529256234
ck_53aca610e20598bc,0.010584881122587157
ck_53c8315b5c30acb4,0.003874701377202965
ck_53cddfba570b4a3b,0.04469876701809321
ck_53d17ab97de1ac3e,0.00721995200690155
ck_53f55c6e8cf2d432,0.0019119019877317093
ck_5403c76fe68a08ba,0.607424360489297
ck_541a734fc457246f,0.038663246423165785
ck_541b6ad5d2fa5a39,0.00455116074637053
ck_54459b45d2be8459,0.00280063643404949
ck_5448c946cc4758fe,0.004641130495379674
ck_544a9e80b7fdc279,0.0041679083010237716
ck_545b71eb4fa594b5,0.005080711952222903
ck_5468fa99c945d785,0.032251340297891465
ck_546ad962d04b7de4,0.9932934133622338
ck_547090bf35a3b243,0.02133445830279217
ck_5472214011fbc2a7,0.0007860294573697012
ck_54748ae0f2daaf10,0.019306369416630383
ck_5478eb69ef912785,0.5061177088704896
ck_5486768475af7bb5,0.9191120058679384
ck_54978a073e7a0b1a,0.026093987263771816
ck_549ed417f2834cee,0.24427191698205258
ck_54b087bd873af8b8,0.00640782307281736
ck_54b0b070689c50d6,0.00034518083839356643
ck_54b374ade34e1dc1,0.0017904420684800727
ck_54bb53b8f8ea32ae,0.9987478302907594
ck_54bfd70022c66983,0.00637243061461445
ck_54c2604c9ca6256b,0.06397972955022044
ck_54d463f7fd89ec3d,0.09437491972542589
ck_54e2eb018d947790,0.03705304282162099
ck_54e581f71be5430d,0.001398792871118844
ck_5517b9a865960542,0.001426857390194376
ck_555848d51f4b5f35,0.041234976751535465
ck_5567779d6ba184eb,0.04264850059908183
ck_556786868599143b,0.025776857544701107
ck_556c62e92d4e7e5b,0.0965985272092985
ck_5576b725de38d106,0.02431469751792832
ck_5576ffc6aaf6f22c,0.00015127744241106943
ck_558a82590f65df69,0.00025525421753423797
ck_558cfe5f77a55a9d,0.0054643847242365215
ck_558ebde8c29132a4,0.06309261689417557
ck_55933936536a4071,0.006276550942422332
ck_55d0c7012d7ef236,0.1541184526569072
ck_55d7217b0aff9fa2,0.0071668552197433275
ck_55efc92394fee232,0.005055021566795273
ck_55f2ef0de3420e3e,0.04223742929228839
ck_55f50a9ae2db8ff7,0.007506208052851239
ck_55fc62a5f89a7251,0.015320320876357516
ck_560bc6017870ab06,0.0019227643525383635
ck_5615c6bbdef05291,0.41776527190404844
ck_562320295fa35875,0.02439029317349762
ck_562c76a3753fc7da,0.7562233725602309
ck_5647030283171ed5,0.9826583069255487
ck_565e3418d2f4061c,0.006753237275301159
ck_5662492a54e6688b,0.2816401463724718
ck_5691cd6fdb6d8147,0.019427401679327782
ck_569b83668d74042d,0.979797169543947
ck_56b389627d8f02c5,0.9929775586575107
ck_56b992c6f136fa5e,0.009476295581090394
ck_56de216eda6b7fa6,0.001406267734002012
ck_56e6cfa32156a916,0.004097958152010915
ck_56eed7041add49a1,0.7145701376840742
ck_571133b2aa8ead51,0.07009059743549582
ck_571dee4f3336c7ce,0.06942735490380413
ck_573feefba6bf78bb,0.27668221761507755
ck_57658eda1c59bc52,0.000593929229791467
ck_577c816b41cab002,0.8929709036128527
ck_57849e15b61c43b4,0.007422392297314953
ck_578f67e69e5d2cfd,0.004827716810979345
ck_5791f8f76a629a4f,0.49822797156959037
ck_57a6b56b09bff24e,0.0036795204608426244
ck_57b3fee69bdf85e8,0.0047015294639989776
ck_57b657aba4daffde,0.020912605326355263
ck_57b8226610b48854,0.0038734689189003526
ck_57bbb19eecb4b87c,0.003964810511982181
ck_57c07c45269ca8c0,0.0026008052043684435
ck_57c14e32fa4683bf,0.002941266023609029
ck_57d0a7eb7eae2eaf,0.10660191383750968
ck_57deb202d4188a29,0.006158328176020437
ck_57f17254e2688637,0.07159311203342876
ck_580dcec33ec232b8,0.007766200724012468
ck_580f136ced341298,0.021363982135915463
ck_5839f5cbd8165b1e,0.10486808165095679
ck_583d6ca78c97d91e,0.9187798134403754
ck_58412a2674fea506,0.014561430060737566
ck_585ababa02383b50,0.007051093229545087
ck_586001d3ed9e7fbc,0.0011327456618877127
ck_5866b413549765bf,0.0027861401093802964
ck_5875828b11406398,0.019369207917915514
ck_5881b174e49b04ee,0.002968803614843508
ck_588f6e6a6a6d93e8,0.058212052126780316
ck_589109a188adc2c1,0.0054875171519410786
ck_58955542edee1adc,0.010319368808831835
ck_58afa1550b3b5294,0.011514212181615295
ck_58bb02d98e2b9cd5,0.00571484015837808
ck_58e20f5a3e7f11b8,0.9019587595690797
ck_58e5359efc52e0ad,0.013877679511434964
ck_58eb871e8d7bed52,0.0631604026595765
ck_58f4c3ac61fda129,0.21518974958875037
ck_58f757e40a9b8877,0.22960533865517307
ck_58fd684aa5a6f289,9.015231863163056e-05
ck_590716322ff147ae,0.014805194848665526
ck_5923f53b77193a58,0.10933875857240938
ck_592a3520d841d11b,0.09066089770567726
ck_59371c9140239fd7,0.044827694010113966
ck_59472d17debedafc,0.022237059286027816
ck_5954f45a2ab45f43,0.020731161223135553
ck_59684167f9c6bf4c,0.2735948806583951
ck_59735f4ab2ad3da5,0.05149431564848205
ck_5984be472d2bc267,0.61245023185743
ck_5986119e7d81e831,0.029720090361762767
ck_598e036a28262aeb,0.14390590949876658
ck_59a14d2564193101,0.0035140339018352148
ck_59a164c40c03a45f,0.047635353144535444
ck_59a561f3df01441a,0.05668337038713055
ck_59a9e000fa275e1f,0.01340588082724937
ck_59be61b53d971611,0.007168688556169623
ck_59c29d9c57b4f994,0.05815436830627791
ck_59d086fab5998646,0.011625375384496572
ck_59d380a0973b3951,0.00842095612440829
ck_59de511b20c842ba,0.05698722997043952
ck_59e77e3a81f1fa0d,0.03371022364081468
ck_59f46321ecf6d306,0.004777090219976168
ck_59fae092fb0c4aa3,0.023689765241885406
ck_59fd11b3232de9dc,0.9867655143710686
ck_5a17c89219d1d9fe,0.014904790683377899
ck_5a22cb36d612236e,0.0009457202751810675
ck_5a29b7018e43280c,0.004860533324402929
ck_5a4d19f1b83feeb8,0.001849884780261528
ck_5a4eb535c9a11993,0.017263982922564255
ck_5a540b75c866166a,0.04611707537557634
ck_5a6593d954085775,0.0012464631054250515
ck_5a9d5f9901e37e31,0.01710901420209652
ck_5aadd286d188f5c3,0.00043150265603371184
ck_5ab39bdc9610f6f3,0.42153065892689695
ck_5ab68b434ad53fea,0.002686550097069556
ck_5abe57dfff4b735c,0.011722647273056998
ck_5ac335f02280271e,0.03044794964538021
ck_5ac86682385c86b8,0.020646696490811554
ck_5ac959cbcc5e98f3,0.004025085054162969
ck_5ad798286384484e,0.01675876791191431
ck_5af9934a56801ac0,0.005004131170094979
ck_5b137d74bba6b1b4,0.0005587806903130281
ck_5b16d67c5ea89930,0.027578314121787843
ck_5b2728f7cca414ae,0.0004986538063224914
ck_5b3ba20c8bb1383b,0.004371594592453329
ck_5b52ee0a13c71590,0.009339984504016106
ck_5b59e859bed5b40e,0.014042081700599838
ck_5b5dea6476d4e182,0.023532662567467104
ck_5b73d7c5255e58a3,0.35105591243892365
ck_5b82c774df10d49b,0.00039163960930508544
ck_5b8315726f6204e0,0.026942045345137455
ck_5b86fd14e85bc9c7,0.9342265124705147
ck_5b8fc4a76f340797,0.060255945287889655
ck_5bc07deb82edbad7,0.0029910621416018614
ck_5bea0e0ee0b094cd,0.001466794868274192
ck_5c0fe988b8aa7fcb,0.49331954440049425
ck_5c2d43ff841632f9,0.003845704670796832
ck_5c33bb46c1a5945b,0.038007210275407446
ck_5c36c78b7a4d138c,0.04639497627048191
ck_5c37f7563fa7591d,0.015057169228546071
ck_5c3a671883d58b3f,0.00037123024010791116
ck_5c3f13de0dbd5086,0.03517749080675469
ck_5c45968a805132e0,0.026860167646875436
ck_5c47b49c26cce286,0.028914307737392498
ck_5c5284c45d9ad8bf,0.12311820355495082
ck_5c58e7f8fd55e26c,0.00036306300950103484
ck_5c67f27816ae0b6f,0.0015452202899455003
ck_5c7ad6e731b69333,0.5453843972961431
ck_5c82444b3b9160ae,0.03141887689901464
ck_5c8390017fabfaef,0.038986087071020005
ck_5c85d93ecfed4b0e,0.03519179305842033
ck_5c87eea1cc07cc92,0.03802765602267417
ck_5cacad76e02c8e3d,0.9371336072212914
ck_5cb9d7b2329d5ab6,0.12787168479474736
ck_5ccc0c94e5e1f849,0.012235534776974604
ck_5ccc1a1c78cb33ee,0.08523997268367038
ck_5cf67a3a747e684d,0.31189277398199733
ck_5d01200ba3341462,0.004969286959998419
ck_5d038ecb3c8748a3,0.016550229984037202
ck_5d16e257c0635f7e,0.8305692946051039
ck_5d1e25d7acc5af9a,0.006113142760488399
ck_5d22e9ca1d15180b,0.6748512615282373
ck_5d2b9e6e087b8dfc,0.9997379739701683
ck_5d4ed73b9efd7d11,0.018762029601550517
ck_5d5ef9e75f65d076,0.016534590392618096
ck_5d644224135d7c65,0.0034793974705172137
ck_5d72ff6cc2963d1a,0.000993246498683263
ck_5d75ea4f5c9080bc,0.8172691103573578
ck_5d7721930106dce8,0.032267535056280404
ck_5d7801201749ffde,0.08663035959218816
ck_5d7ae0e3562e99bf,0.15299828084989456
ck_5d818522cbfe2a54,0.07606137344990783
ck_5d8481e2b38bd99d,0.03966554384973563
ck_5d8773badd0d4740,0.01821275273090809
ck_5db1cb368bc41ac3,0.12575837366563788
ck_5dcd443fe0bbdeac,0.0004432020512555925
ck_5dd80b3c01457bd8,0.03768949944258388
ck_5de33a7a87e9aa62,0.32866020869628537
ck_5debd55f361b2ddf,0.003255026136121765
ck_5df6529ce8290906,0.01981991846290046
ck_5df85a8924e11f27,0.06536193592232957
ck_5e021f2a3b66e256,0.07314471298052587
ck_5e18870d8e30e379,0.02432165761281433
ck_5e1b81848718bdc3,0.05974292508220109
ck_5e20953547ba4135,0.25752146713955215
ck_5e36042cfad96c99,0.4933986490367238
ck_5e3bc76eddbdb0a6,0.00043679840225905323
ck_5e418a7c04437b4a,0.013965212150580435
ck_5e512ef5362a3dd6,0.03588338124229808
ck_5e5280539257c986,0.016599393790518432
ck_5e5461dac83531ac,0.04201412206203749
ck_5e68ea2c5e893cf0,0.12412442473550504
ck_5e74fdadb93ff293,0.08100676984734868
ck_5e84bca0e362da20,0.016372243464622478
ck_5e8e857b63966609,0.6277499049453366
ck_5e98ed6391d9f429,0.05625144127893283
ck_5e9e149a3b69c726,0.056886927534526524
ck_5ea89567dfe78e4b,0.04561287604131126
ck_5eaeb87bf6207406,0.9964183723383268
ck_5ee32bc6bb5d1d4c,0.08209470386460245
ck_5eec9ed855c26000,0.000625581737188439
ck_5ef50fb07b6737d5,0.018388793842762995
ck_5ef935ac3d4d3332,0.011008189341377081
ck_5efbea1befdefe1b,0.37717844778062243
ck_5eff0208c74ec714,0.03816900350081342
ck_5f0be7b468a72333,0.010972165716398762
ck_5f217bfe28954e75,0.99801086699776
ck_5f3609511443e5a8,0.013785315211768989
ck_5f445182829ef342,0.4096590178896062
ck_5f48762a14a0326f,0.00045840780293034225
ck_5f4a25ffd0b85a47,0.033660395193380356
ck_5f52728d777ff2c5,0.02038000774724593
ck_5f864d72d1eead99,0.23990592276870143
ck_5f87eb05d18186c0,0.017882274810972935
ck_5f9a7ff990341bdd,0.001260281142580415
ck_5f9e34c849704b95,0.003316723153664942
ck_5fc65c24e0736d5d,0.9581514488351945
ck_5fc90b4668ea81bf,0.021230150337023343
ck_5fd8924732fe403e,0.607789516082344
ck_5fdafeaec036f016,0.024012351783417145
ck_5fdf8a0bdbd3ed62,0.012270584333274692
ck_5fed957287ebca03,0.00041647034245654896
ck_5ff6108056a3fef5,0.011787835616867092
ck_60187ac2c473a662,0.9906095254880325
ck_601edf9105b3c321,0.9981537987950189
ck_6031211ff118cf0f,0.0010735585678975285
ck_604c17cb97dc89be,0.2692486789217099
ck_604c710141327a81,0.003567201714446984
ck_604e1b8a8c693aa7,0.008770187853553024
ck_60557f077abc42ca,0.27505790355327714
ck_60796eb60fc3043e,0.02004532744757748
ck_60896cdac2212bea,0.10299901032028883
ck_609c249edd88c565,0.0019239544031815971
ck_60ac5e5f375daa38,0.02353012165272726
ck_60b023af6d1e30bf,0.9596223755944209
ck_60b4d59953505682,0.9155856116763791
ck_60bf8a2870956fb1,0.0034553545422404573
ck_60c3d8306527a08d,0.0009185434333312737
ck_60f4fb44f5efe3a0,0.004664980597658281
ck_610815786d729d2f,0.03553786411047995
ck_610c7bcc1cd7ecb0,0.021190004300473138
ck_61129937ee466b49,0.05096471328588893
ck_61176dafb33b2d8a,0.8193346594095401
ck_612089ec90c37219,0.03128445032993624
ck_6149ffaf18872dc8,0.00241843233127825
ck_614d936cef98db04,0.0009368092552278211
ck_614ef655f0685060,0.013552483096394462
ck_614f777c2eb5d537,0.05977997452447632
ck_615277c8a4e2b18b,0.0068282879715704506
ck_615763afc2e17a7f,0.0010569778156046736
ck_616cc31910f5de50,0.0008574066867008383
ck_6176baea8cbebbb6,0.0018933148249844468
ck_617b65141f546a1c,0.006648994899417265
ck_61814ae9b6d8eab1,0.017171782165135263
ck_618c4e5cfae99dcd,0.019443989861578668
ck_619842688294dabc,0.007724929633346465
ck_61a59a7944d6c53e,0.614121736924037
ck_61b067de8ffc1ca1,0.10944111669873756
ck_61b79dec96d15713,0.0024716065517941268
ck_61c3e3e277629646,0.021820665554927843
ck_61c74163eb36556e,0.06757914475921487
ck_61d244b2cde483af,0.017385002600912854
ck_61d7b0568ec5d6cf,0.03733952723306435
ck_61e1f7168cd9ff25,0.06173293288344997
ck_61fa051192f3e810,0.023882313244401893
ck_61fff5fdaadd394b,0.01519127465254171
ck_62081bc35aa59931,0.013697537727510587
ck_620d7ae27af83cea,0.0043843723091070465
ck_621c9ddde6bf2eca,0.021644054327745053
ck_62337eccb1672737,0.010130750007257812
ck_6236a461dc0d11a3,0.0030650638494646265
ck_62720b81617896cc,0.010009794347648569
ck_6276ece8f80ea799,0.048290049483773655
ck_628f449e248c19b7,0.1226918055292773
ck_629537d8b4d0f395,0.014728297125565932
ck_62967b91504149f9,0.05808305420211845
ck_62b9fb3db284941b,0.0054987253526833
ck_62f46226f244139f,0.15246774453302467
ck_62f5cfe22c952694,0.00858676001035339
ck_62fd7eb46bee9210,0.025569861597855743
ck_630530e50764f229,0.013771633737737623
ck_630c835243c66b19,0.9984496982740284
ck_63133a79f23e2627,0.056673115232988756
ck_631ea1ae91ab333e,0.054179711591382025
ck_63356762d24aab81,0.04902667777896831
ck_63379e3c9fe6f711,0.03909781376094293
ck_633e6579f5c74a5c,0.9383180448616516
ck_634276b05f4381f8,0.001536201642523918
ck_6343e0d3b1c2962b,0.04144170074181983
ck_63560eec94b76d2f,0.026403503322399737
ck_635646a661f05b4a,0.018209679999988085
ck_63601a58a6120d8a,0.088310967750195
ck_636111f7f030496c,0.004180284521433334
ck_63743141ffa11f45,0.047597173502051435
ck_638df9e8a22dfe0b,0.034573410004189
ck_63ce4f44c92d7143,0.06297841021802585
ck_63d2978706e193d2,0.013629662446794245
ck_63d4f5076fe4406e,0.0007899571018667173
ck_641c8e7694b21f3b,0.11014718837695722
ck_642344e5c652d8df,0.07346886352837616
ck_6426427efe3228af,0.09999770530904588
ck_6430a8792f400e0a,0.008146491692143454
ck_6438ae81d43cb196,0.0067214979872606976
ck_643abfbd7548d0c9,0.033128084950726555
ck_643f549b4ac78a26,0.6388196973063427
ck_644b1c1149eea9e0,0.024710222401034588
ck_645f15bbbcff3b4f,0.9984246733309967
ck_646b15f753e5e9c6,0.017579911611435017
ck_646bb3c7be5f0817,0.0021322295593662593
ck_646d8d0834782d6a,0.7863539021698173
ck_646dc03de4c31803,0.9882932186011378
ck_646e270e0195bf05,0.006807139350526603
ck_64796b6b2c3c7f06,0.04353815042487295
ck_647ac26c5900f082,0.008159281610011858
ck_6482ed4491bedcaf,0.0048382799425517875
ck_648c03f9aa4e45f1,0.11152227208032309
ck_6494f0ef13ce44d9,0.009965638222944
ck_64a02b7b96149810,0.005707195410420894
ck_64ac5e6fed86ab60,0.9930357997566025
ck_64b4dcbf436f0b75,0.007533893294838909
ck_64c1633297f43788,0.003111434684975299
ck_64eefec062592c43,0.009424442117052857
ck_64f3bb17101b7c42,0.013918577709863844
ck_64f5eb4be9e7b8fa,0.4206151287559062
ck_64f5fba6af67e024,0.034132113450825
ck_64ff60c073fdb6db,0.022012556439036508
ck_650020c500b1b50d,0.005283219528261333
ck_651e076ee43aea85,0.015556206357093781
ck_65491367584c730c,0.027000788732501165
ck_65519d0fb137e0c5,0.012223685597636032
ck_6573c4947cc8607e,0.11463716947222312
ck_658b4b54be09a4bc,0.9926491913503921
ck_65a23ac8e44eb901,0.0040128422967883135
ck_65acc43a6dc3e65d,0.00444644965141485
ck_65ad9b15979e3247,0.013167255421943297
ck_65be698386474170,0.00039709377270926333
ck_65ed7e72f24731e7,0.023802621724105237
ck_65f76421be648549,0.00606825021359145
ck_660f0006780e87e7,0.0031436013495447935
ck_66147fb994495396,0.1169696777449298
ck_66267bbad1f1415f,0.9978960304507389
ck_66439e697695224c,0.0018514493064312567
ck_664b5e02759f985a,0.0028063187745452998
ck_66600620149c8799,0.010786792165615467
ck_666b95e75d99ec4e,0.9349237207183576
ck_66746d1090d6d9e9,0.0013662342197262676
ck_66779098e78c1760,0.005447361340451964
ck_668c7fc7d7e47c0e,0.020529489495032555
ck_668ec61c4c39cae3,0.0004925673053576303
ck_66949171b387bb93,0.05834049511797942
ck_66a8325f28be7562,0.00902836375720618
ck_66accecabf3901c0,0.055872556703113134
ck_66aeb00e44486cda,0.3311034852360566
ck_66bed631354de5b7,0.013947976895862005
ck_66c9a19963957531,0.18048456207774702
ck_66cd34bc568d95e0,0.009365119536019777
ck_66cfc1ebc9a513c8,0.0033548222544317915
ck_66d0c6d6b67a8d58,0.001219188620206672
ck_66d38518f68e6194,0.0009542965830308546
ck_66dd4f4b4127256d,0.008515129475836608
ck_66e81a4190c33510,0.016731938647834378
ck_66eb09be007f0755,0.015045573276119655
ck_66f0945add423e9e,0.04085689493402486
ck_66f94903177f20eb,0.0036948326348443757
ck_66f9f78d4c6a3edb,0.1429630598718418
ck_67025c64588abd1e,0.0011000399075355388
ck_670dc4910cf476c2,0.0014111947009452978
ck_6715139e240007d9,0.004021271663056702
ck_67207e3eecc02d76,0.036674280594458555
ck_675c0ca1ebb1051c,0.0058569390005896015
ck_67674348e68d1f25,0.023201904719489127
ck_6768c4b2aa8ce586,0.03276833676491357
ck_676fa5f6aae5475b,0.004531301968028828
ck_6775e387dace7525,0.05861845746726404
ck_677e1d0c14cbf569,0.0033940130767285215
ck_67858bc00e81490d,0.0003832810014628176
ck_678e74532ac19700,0.005618443815715313
ck_67a1aa88d2ea554a,0.2284727025953499
ck_67ab6f9e05c85085,0.008926062331120588
ck_67cdcdda3033842d,0.0190947611195356
ck_67e075c982add719,0.013976157218497709
ck_67f3794d93e2dd67,0.49029147419319213
ck_6821459b626d492c,0.0008669745598500294
ck_682262b455a9edd4,0.002945285129030264
ck_68250033717cd59e,0.0005860893577193898
ck_683af7b1540a0b22,0.05136695120602378
ck_684609767df4a14b,0.2005554301576726
ck_6846100e43659bf3,0.007599516473597241
ck_687ab5d5554bfa79,0.07637352041948892
ck_687b412e2aac7eb6,0.03347526083800108
ck_687eab3ffe1f8cfa,0.060248110628711486
ck_68914e67343a7d32,0.01376217353481184
ck_68b5542459638b56,0.049195015970635685
ck_68b8b859a6ef505b,0.08264043925354113
ck_68ba25dc3385fea1,0.028480212959662313
ck_68be4fefc85a6b64,0.2555157425286293
ck_68dd79a51eabf5e6,0.030580388659159262
ck_68ef3e7301c621b7,0.02305243965856272
ck_68f56f6560a7a933,0.0002793661140668361
ck_69105f881da3c821,0.018523098633487563
ck_692a9e8f504b9762,0.00033672361381138885
ck_694eb6c43193afd4,0.007513642863941943
ck_6957905a65c47879,0.06488424387952794
ck_69587a134d43a4ad,0.3246106349485945
ck_69691226c68fd50b,0.37750724237825733
ck_69887d0a9aaca6df,0.0024987294070187537
ck_69ab9d4784eb77bd,0.0297364009187773
ck_69b5620e00ef5dec,0.0013050095072585758
ck_69bd0b1abea7e1f0,0.4405244940505942
ck_69eb0b2ccfbe5f95,0.02270471651013678
ck_69eda24e931fb36a,0.001350202813733042
ck_69ff1b0aa143a168,0.0008837406867508562
ck_6a01c375fc26705a,0.00033569621862690436
ck_6a0684436a1e66c3,0.8809303230115957
ck_6a0ccd7357979f0f,0.10166587719337428
ck_6a0f8f8fa4a3c2bc,0.0839091990141673
ck_6a17384072f904c0,0.002842342232614688
ck_6a1ff9d69466181c,0.9994364766427309
ck_6a27c44b691dbfac,0.0038434324140801273
ck_6a28ea6ce69cb869,0.20536130044618814
ck_6a2c4edd82e10969,0.0013817183628609027
ck_6a475fe324d7d790,0.01728000771007377
ck_6a4981bc721df37a,0.015715534846947418
ck_6a519bdac0d94527,0.003675147235015631
ck_6a548da1728b5823,0.997252270917624
ck_6a892dd5d05c1649,0.02834792373262659
ck_6a92cf5f4cf5de38,0.027442915464969252
ck_6ab83f45bf16eaa6,0.014215735568343367
ck_6abf8302ce052451,0.11314464688173687
ck_6ad56ef40086dbe4,0.008372256189852921
ck_6b114f2a48152b96,0.0009070023484580602
ck_6b1ab0742ff04c3e,0.026207758865437372
ck_6b255bf68709109a,0.02623677324782469
ck_6b38763bf5ddbcef,0.049072977534118344
ck_6b55ec4e87a5e22c,0.20587780725125593
ck_6b67fe8e310ab865,0.024538374739035477
ck_6b817117d87063a8,0.010310090735198493
ck_6b93bd8abf87b1d6,0.9811905645320314
ck_6b954c75aad8c012,0.023126993040259083
ck_6b97d1ab90f6bdeb,0.045475972316475086
ck_6ba091eb42ffa9fb,0.375909938428193
ck_6babe5b8674ff51f,0.003952645199814455
ck_6bc0e5b8c0b7d2bd,0.03670115116131728
ck_6bc351a3d57aac54,0.055858129095222385
ck_6bcfa37c717f19f1,0.060614432901841916
ck_6be8ae9d78148882,0.0014352319252722017
ck_6c084bfcb38e96c3,0.34984960630685397
ck_6c1dbee7e8fdd5c8,0.001504586588461677
ck_6c2453229d608183,0.13845252572168112
ck_6c26c12071c91ff6,0.005873708308283198
ck_6c33cb15b0d8af54,0.006820252283501575
ck_6c48c58678f64bae,0.00447550099601741
ck_6c54adce174f45f4,0.0050101939178205206
ck_6c679602a6476ab2,0.012811993752068755
ck_6c72a36b05fa0f4c,0.04198315037491408
ck_6c7b41374f9b2e55,0.016511746089399267
ck_6c83aa1d100a7cd8,0.22414568765188844
ck_6ca018259f70858f,0.001959196321755645
ck_6cabb1a133f0b151,0.011549747252973778
ck_6cb7c97b72d6b5d3,0.011815040593220217
ck_6cbb011e0c70bc7c,0.003680306119939543
ck_6cd8e0196365c474,0.0032809111442020935
ck_6cdac067cc4db5c5,0.032875328503192344
ck_6cfa71d27fc27f92,0.020371506580577996
ck_6d03a542922b2ae8,0.005104614714372218
ck_6d07d6d1bd227d37,0.063999592861851
ck_6d0d081bfa8a0022,0.0928862202859862
ck_6d26a152f900fee8,0.0014164984983482556
ck_6d4cd2de601a2308,0.022336607262753497
ck_6d64190623dea714,0.0022420414911992884
ck_6d64193681d2a94f,0.12353574537085403
ck_6d64e1c07b19856e,0.00994309079900138
ck_6d69e092f9b0848b,0.006630963012861479
ck_6d6ac1f5dd882aa5,0.0004984093278774991
ck_6da9c5912e15d9a8,0.006954972199626009
ck_6dac66c8198c07d8,0.03519479556460495
ck_6ddb55b1f23c6cb1,0.03264408339035182
ck_6de2aa2bb60978d3,0.074126148776374
ck_6de6b1663f9457f4,0.004266181431997785
ck_6def9d0429e4ed4b,0.06462824266177154
ck_6e44024e9de301c6,0.0006440733762625472
ck_6e4b99fb9725d9fa,0.07031961946634217
ck_6e4f31bd108571f0,0.005802350579588346
ck_6e5752b87324b58c,0.004055401992327261
ck_6e606f73a1094afd,0.007756333916747172
ck_6e6258227fc8db7f,0.0006967675847312259
ck_6e67225ba59fa5ae,0.05851892611941429
ck_6e676daa4855b58f,0.2672647648596486
ck_6e8751b571ea54d1,0.04403262063173524
ck_6e8ebaea8f7bffaf,0.0002449337132634362
ck_6e8f8ef7a03cc6bf,0.03273107260192723
ck_6ea70950c1cae00b,0.9741214598267764
ck_6ec39903f765956d,0.07234514621014076
ck_6eceeafd56b42576,0.5371605526055072
ck_6ecf56236789fc09,0.9983075404204155
ck_6eda4c36aecad602,0.013591530295384806
ck_6ee939b7f396975f,0.055104015424333824
ck_6f04d047d1dde75e,0.000668417319097326
ck_6f2f0396e5b1c538,0.9981882280978952
ck_6f3a28eecd2c4031,0.021861607943634214
ck_6f5bb0c930644cae,0.9998420970816323
ck_6f661b428d6fb8e4,0.017645723337377545
ck_6f730b77dc6cdb84,0.023918430548789636
ck_6f73cdbf9305e2ea,0.036444812227326755
ck_6f8102f62c876cc9,0.2150165397196298
ck_6f81c199e986d9fc,0.005512061324252562
ck_6f847263379f2e43,0.1817280944641853
ck_6f8ae0319c07cafe,0.025855855565101733
ck_6f9fd15ac6b163de,0.0014175874713858662
ck_6faf3e6820398866,0.043867780213702405
ck_6fb2d142c09ed3ed,0.06533406597788269
ck_6fb39b60c67d5475,0.0040890745105838415
ck_6fc37dea4b4f35c6,0.4354904700489144
ck_6fce5a893613fd2c,0.00010580636455544868
ck_6fd8c86ac719d7eb,0.11823258067994585
ck_6ff0fc7487e737e7,0.5948946909111639
ck_6ff6883633b8c7ba,0.003367220286878356
ck_6ffa90143838a4a2,0.002820312073805872
ck_70066eea13b4c34f,0.019053752338114127
ck_700cb620f300dd47,0.017612721943277235
ck_703499f5410280f7,0.004960139993649981
ck_703703bda38fdcf8,0.00433367687733222
ck_70396398e4a96449,0.002965078223297385
ck_703b375dd86a6124,0.020307302059772697
ck_703b41624ae6a5b6,0.0035081243806256096
ck_7048bedd554c703b,0.0027310167104135545
ck_7061786fe2f22f5a,0.018239597763921957
ck_706a4f673a9fda3b,0.6664556253123659
ck_70804f60d9704128,0.12563722581373607
ck_7084ed3cf20781b7,0.0506346277939074
ck_708fea345f68037e,0.00413118907844491
ck_70a60e095e9b706f,0.00016420274241073191
ck_70a932ab39d86a24,6.530403547559369e-05
ck_70b9274473bd6dfe,0.0035135181112717294
ck_70b9b79ea1aacba8,0.05740448992301221
ck_70bef9ddd4bab005,0.00025648975811344874
ck_70c7679199776a90,0.026457346437475823
ck_70d19d5650ddc8f5,0.08265993199379754
ck_70d69e5d1bb99e85,0.04706767252745577
ck_70e6bca473bf6902,0.006149292401575101
ck_71044c29ef071570,0.005213451054300606
ck_7109923fd7dab20a,0.00914680676223966
ck_710f867a3bd5898c,0.001027916855596888
ck_713159c5c6a7a4d0,0.9995326849867985
ck_713649668a7ca824,0.05005477037608135
ck_7137eeb394d200f1,0.2100747140150502
ck_714c5d7cb17bc9f2,0.008847027709427288
ck_7158ad9e58769ffa,0.436960150634025
ck_715966f86d5c913d,0.0001002462963360643
ck_7176bbc97b1e42a1,0.0043533534503570875
ck_7176d12b18f2cc0e,0.021765211640594057
ck_7184ad7709ae4c80,0.0934474755836283
ck_718865237134ebe8,0.009076712633854511
ck_718a8390b3d42d7d,0.012022457586677745
ck_7190177963eafdd9,0.01316991070980487
ck_719602def4d35fe0,0.03052613756196176
ck_71a0d645744302a3,0.01797161088624023
ck_71b37fe47490b4ba,0.0014176588881410176
ck_71bc01291e0533a0,0.005381091908260621
ck_71c3a8e4c12c989f,0.0061188336929481855
ck_71c68dfd011dbbbe,0.9742207479079017
ck_71c917295020ccc7,0.0010949831662034743
ck_71db4131d7efe218,0.016942654838290397
ck_71f382d5e338daa3,0.0032355489588030174
ck_71fd8c346fde5cca,0.24424034343983142
ck_72022008a92c9386,0.035121726408646865
ck_720776a46e56dfa8,0.004794226460606479
ck_720cd658d11ea428,0.058707303248868775
ck_722ac47c8ac9b6c3,0.387878002171677
ck_723323f6870fab59,0.02441049698218195
ck_723b4afc388113c8,0.003978849541728085
ck_724085c3452d4693,0.6225109095639546
ck_724e459b9ece38f4,0.1493848978516942
ck_7262b4e0c29c942d,0.04579376640503746
ck_7264486eb512d84a,0.006282501818310012
ck_72771757dfb7f7a8,0.03783417367586687
ck_7297bff2b7fdcbc8,0.0002518925132697709
ck_729cc0b46cc2e546,0.6257202416719915
ck_72b86e4485da2d0f,0.9953104467524903
ck_72dd0dbdf808cb00,0.017963112286872782
ck_72e550559487b919,0.005925073299897832
ck_72e7b1acc19df820,0.016287181048108064
ck_72fdfc7e6d8e1436,0.0031008924918419665
ck_72ff52c4824072ce,0.011117019971519973
ck_730226c2d216cacc,0.004806867894835963
ck_7310cda3bc65a73f,0.0006584719244820959
ck_731869a0c39cb2fe,0.018623624150480175
ck_73188a826b5f499f,0.00847196901351183
ck_731943c682c9394e,0.03463028197418128
ck_732d45bd578dc39d,0.025822748459622662
ck_732f725747393ec8,0.01197546078243886
ck_7333cedb61506ead,0.009833090209411813
ck_7334a9ec656263b2,0.012242526506937584
ck_7336611650dcc088,0.001473847401587035
ck_733aff0f56f5b3c9,0.034019899313563695
ck_7346e4f820d9c00a,0.9789149942946828
ck_734f06bd4aa92781,0.07450031144125256
ck_7356f47dbbbe7904,0.017903026318053943
ck_735f244b99e3aa8d,0.03310813667421686
ck_7367917891a63771,0.026741238297002055
ck_7373d7b04c7799bd,0.05205231362927196
ck_73762038c7ff2f6f,0.0031489025964595223
ck_7384d4d2406aabf4,0.012503522503159392
ck_73a54b56a2bf35fe,0.977631507886451
ck_73a7794b659d7a34,0.005708511154209573
ck_73b729cb161487f2,0.011367238373344052
ck_73c18e03e3c7612e,0.0025273201105178757
ck_73c5371635aca173,0.966967917750544
ck_73cab88b29c7845d,0.10494455583032561
ck_73d3689728270a2b,0.0009263826449643869
ck_73d3e8c6077f61e6,0.3146437237215962
ck_73d60b4630e3937a,0.0030404347032665625
ck_73de0b49709e5f8c,0.0011433157418939686
ck_73e24f5a8da289b3,0.06693470546421332
ck_73f124f075ede0fc,0.0030490454561848215
ck_73f4eb09af29b1c0,0.02694936297261759
ck_740d8fe8028b5a2e,0.01221874434024097
ck_740e760fdcd27835,0.001980382183526967
ck_74112e47b8629c2a,0.5030510338954383
ck_7429b3f87528e335,0.0030633560911612493
ck_742f7c28ddd019e8,0.06654568008164093
ck_7443d6dca8cd1352,0.00478357778882026
ck_744eade757ba69b5,0.0254007407126931
ck_744ffc11d32b96bc,0.04780181146622832
ck_7456df89f3792235,0.003688161772281858
ck_74665e1209140ae8,0.0340346509168019
ck_7476e7fe1ff45545,0.019900031829040155
ck_7484c214c889fe7f,0.05599222152190016
ck_748af92828c9d288,0.0012799811854566153
ck_748b3ea941d8b3b9,0.015982074258222973
ck_74928f5f91aa12b2,0.05984050254556756
ck_74991a9e85c3b07d,0.011007561059258195
ck_749e0e50c3907be8,0.0007843090521129632
ck_74a06f347b32347f,0.019654628166966382
ck_74a4244eb1f162e4,0.00024795044819280636
ck_74b502b20690ccfe,0.00384708024067315
ck_74b848064f2ff45d,0.0030765282536104224
ck_74c3c3452e4e7cce,0.0003585921611887717
ck_74d0e7c2c6b63d36,0.9703343714830184
ck_74d602c907ee9119,0.0006690510414372786
ck_74e5dec189761d14,0.0062252940042611254
ck_74e60495f8861156,0.06128216154443294
ck_74e9747954a46eaa,0.054371066445297864
ck_7501ebbf4e21f160,0.011987571559680773
ck_7508aa554fae6afb,0.04971930606958523
ck_7509eb97c1948b16,0.0020709638766682847
ck_7510b1023cd08531,0.003001853979047675
ck_7519260415c2998e,0.01859607938485024
ck_75217ee144b715f8,0.22113898059228476
ck_75257ca7d7da2861,0.07844423771433447
ck_75296704f5806f56,0.052882530186790136
ck_752dd3d2487f78ea,0.0036920413205331778
ck_754cd7b4a5ae3f94,0.007155438871087481
ck_754f30ea19df857c,0.047232386242842844
ck_755010362a9b1bc4,0.00614046563657032
ck_7560f1891d66f294,0.0004320773438172131
ck_756d2c13d02b3e09,0.012994593621885963
ck_7584e7bd755cb28a,0.018979297585966403
ck_75b69034000ca7bb,0.056617396418472625
ck_75bb521de55644c7,0.021612494948920008
ck_75d2a2715259c4d7,0.13133068484591912
ck_75f968be67f46d24,0.06037689471956528
ck_75fb7e56432ee4b2,0.0037563224865322935
ck_75fcda73f0b43557,0.013541170671758375
ck_76091f357974a152,0.018961575124738946
ck_761989aa4c47d746,0.01098354850761462
ck_764d40f865e710af,0.006276409998934475
ck_765aaf42c5088545,0.012856666968057399
ck_7661d7ceaeb19f97,0.012315500251342978
ck_767947540b234add,0.027965242484308643
ck_767e0be086b5f601,0.025679101447734963
ck_7696e38b3e4197b0,0.011849402335248851
ck_76997a33c3ea5107,0.0004608575516380797
ck_76c23726cd7ca947,0.0053676344669564445
ck_76d010aa02eb477a,0.0012568178841569464
ck_76ea90ebc74bcdc7,0.00981534559981634
ck_76ebeb5aee42f041,0.0608539695653997
ck_76ee10d6e2dba70f,0.31227666114456637
ck_770475876d0e7e6a,0.011674778351767941
ck_771247b5bc16c12a,0.003597361626267706
ck_7717fcb100dc4b5f,0.02479575018692444
ck_7738eb085e5753d6,0.005736452328714587
ck_773efe58c6278c3c,0.0435319639182771
ck_7743c9fe037d1f9e,0.4976198254085803
ck_77549c1a41f837c3,0.08779157381898098
ck_777669e2243204f2,0.9567869590039474
ck_779491819995625d,0.8868631676555712
ck_779581adb573261f,0.027170517603518574
ck_779cc0f2de4d5488,0.5085263341812396
ck_77a40c7d2f862a32,0.09932752465800475
ck_77b2fb17c29f5e72,0.011013153307835432
ck_77b56c49cfdb1d81,0.5372044885572299
ck_77c0fb524edb4a94,0.01452641197664589
ck_77c587d24695ea15,0.051082384102794615
ck_77d9f86dcf251739,0.014230882154415926
ck_77e0589ab339ca66,0.011365551137953171
ck_77f293d44b4a3d2e,0.08822981396253386
ck_77f8c5042065d506,0.005137450576123631
ck_77fa39d3b733c226,0.12817865910568407
ck_77fce5f86f00b8f4,0.6152634821824006
ck_77fced07f6dff42b,0.04101056601577126
ck_77fdac602d0c6f95,0.16344485239549436
ck_780738e0d71e7e43,0.009984899293103531
ck_78181f8e998e442f,0.002249882269351985
ck_781b8288e54ba8f8,0.4022545012627502
ck_7825494e654d5695,0.03612969458777287
ck_782b0be796164335,0.00036164343934518055
ck_7831ca5c31fb3859,0.37189481861783785
ck_7836bf6def26aa87,0.06405548073386452
ck_783fe5bc20cd02db,0.09481638553398675
ck_785fa45e86bc5e95,0.013146105536553637
ck_786448fe3004cbd0,0.0010999955176011172
ck_786f079389126e44,0.02583176966124699
ck_78730527f8ba1438,0.29938927559108675
ck_7878545739af0a73,0.0024752507107907245
ck_7878679065876b98,0.09455217551360044
ck_788e78065526ee19,0.02489417272829527
ck_7890208951df34f0,0.0726302175786116
ck_78a61215675b38f0,0.004936739927011603
ck_78aa4b731cbfe251,0.002426497468929834
ck_78bc3f1d0f35ea6c,0.004873693807963205
ck_78cc5ec4940fec3b,0.015274098627377327
ck_78cd402a2a4f2e35,0.0006017291955643286
ck_78f01d78ea79642f,0.040466643902230245
ck_7905fe8e257b0449,0.34100580094360394
ck_7916e53daab36745,0.23122548625948777
ck_791be3378dd7d64c,0.02083582902518647
ck_791d5392bbd80447,0.0029161290643391047
ck_79205e31223df2ad,0.017758371844659154
ck_7929284327667791,0.20294849153323302
ck_793048d11fb8b328,0.33712994279247577
ck_79323eb5d2e5efae,0.004871431421710423
ck_794ba5921cef50c9,0.22572379969491668
ck_794d8935a895e33f,0.027899773111708093
ck_7951bd4eb99a0175,0.001988256096908568
ck_79557434c129ba52,0.010156199844923523
ck_7955a359b6448799,0.0008315784942073218
ck_7956c251b85f009e,0.905470678867524
ck_795c49f312640019,0.0002781808703131306
ck_796d3eaabc667c23,0.9994840350231687
ck_7973edc9f22ee7b6,0.13315760488438538
ck_79749eca42ff1f5f,0.044625952574448645
ck_7977135c2ff61e92,0.008179429437389972
ck_798157bcdb9453e1,0.0027781917669066577
ck_7989376f8cf64a9d,0.009989263029183446
ck_798ba4b8aa544fea,0.0033800479049483846
ck_799aaf9f2b9ef621,0.011549249037341083
ck_79b235d51718435d,0.026322560071018963
ck_79b6a86830156b5a,0.03388427166327008
ck_79b8523137bb2603,0.06148882253612082
ck_79ba8e85678d0224,0.010129138396030815
ck_79c30169c71b8033,0.9740872026805467
ck_79c7f0d29b1db1cd,0.07994256174677632
ck_79d62ef181bd0cd8,0.003488730637780273
ck_79d6793d1d0cf43c,0.0016977625558964188
ck_79da63fc100830b5,0.03850973107603039
ck_79e202f06d8dfe42,0.02179857319241824
ck_79e45040dbdd6447,0.07440748189427382
ck_79f5198f0decef20,0.0019526785912614513
ck_79ffcfee599d77c7,0.016519787631936674
ck_7a02ee1bfba7353b,0.02240657058692911
ck_7a1519ad5ff45312,0.0004939128106353919
ck_7a1782cefe26a456,0.024229271119055075
ck_7a3f2961e9a8b6dc,0.028973689438909257
ck_7a43ef9c7b1c67b5,0.0017067535567033458
ck_7a4e3d553e8ab5b7,0.26575797556602154
ck_7a50abd42298133b,0.007362622440058665
ck_7a52674e2806d8f5,0.1075823874507245
ck_7a58e0cc9943c39a,0.004968084572744408
ck_7a6cb27e390b6ceb,0.010079519188888988
ck_7a7bb9be5a7e48ad,0.006397578452761098
ck_7a7e40ee3f97c035,0.01925053938670469
ck_7a7f3c4fe0c9d2ca,0.006446926849293694
ck_7a86ef4e2beaec38,0.003678192934904282
ck_7a9f241d5f082567,0.005749893135229036
ck_7aa2deeda0e57412,0.9996303551106835
ck_7aa8bc018c2b003b,0.002504162753310475
ck_7ae86b5a885affc3,0.058305568925653695
ck_7af748a23775bd54,0.07251538924157375
ck_7afefa349b960a3e,0.06919063133270714
ck_7b1319a5ca2f63c6,0.9982088563031949
ck_7b1660e942436e12,0.08069880647386973
ck_7b35d218ed0c5a60,0.006671329186775051
ck_7b382e533e2e925a,0.09258605064891227
ck_7b3cc6cc3f250f39,0.006481042220574708
ck_7b45ed23304a854b,0.044164220343622086
ck_7b55d9bb1a250d4f,0.0357662824518865
ck_7b59d22cadef3b05,0.29755777311883624
ck_7b61717f172f9317,0.9976339141619465
ck_7b8cb0f90fbdc8c6,0.0020047741904297444
ck_7b922518f667f76a,0.00026244842246523655
ck_7b93a622e40d8b14,0.043770648750668696
ck_7baf1e55db0dc558,0.010227484393842978
ck_7bbe1dc8add17ef0,0.02048937282282645
ck_7bc752ae7cf5d55f,0.028343659233388583
ck_7bda5b5b927b2905,0.4193369549052854
ck_7bf668e25abeeb05,0.0034424759664602855
ck_7c0fdfbb447cdc04,0.1325227036111672
ck_7c12de74de30b788,0.8327141574312393
ck_7c38ec898f0fc21d,0.0030770804229669126
ck_7c3a6a82f3c3241d,0.004090787948421721
ck_7c418947124dee8f,0.13090738713173689
ck_7c4e588f927c27c8,0.006162329931838896
ck_7c4f12d70f184533,0.0014025028450583884
ck_7c4f42c5397113b0,0.005657484617706738
ck_7c500e219af39486,0.0034735652352950795
ck_7c5529bcc079600b,0.029197396328114248
ck_7c560467daca735f,0.0008959438572317634
ck_7c67b73196e3d0d9,0.01939352533383666
ck_7c6b577174af7a78,0.005933239314009896
ck_7c7266f6ef2a8466,0.042636789016006926
ck_7c77e597c951cdad,0.018426810724437793
ck_7c7ca54969eed187,0.07337838842500671
ck_7c872c99481c1e9e,0.005892034101156754
ck_7c88d3d377bb61bb,0.015092759115546417
ck_7cb0c9ded4d63027,0.06026465568701301
ck_7cc2e091806cfa5b,0.09375534169646113
ck_7cc5e0fa3ca5a713,0.006724739494636743
ck_7cd0634a6e60af83,0.0071221805889607834
ck_7cd9f39c50748ed0,0.0016415304994429505
ck_7cdce37d895eefb8,0.009268112647316558
ck_7cdec61e1c488798,0.15248119505669758
ck_7ce44f4e06d58111,0.3000410691450951
ck_7ce4ca91b8f9f1c1,0.0289435224444563
ck_7ce768407fd48321,0.08363154644280178
ck_7cf301d075e4e709,0.008282538582847648
ck_7cf562578c7f158a,0.0022833326632900443
ck_7cffb189f4f514ec,0.9939414319215367
ck_7d025dea5951cba7,0.022815044900714666
ck_7d0fe77dd5ddb656,0.03844808276322073
ck_7d1661a34164406e,0.9981000521545893
ck_7d28da4f1dab09ee,0.031267059632637796
ck_7d3a88d1aa649708,0.970018173919219
ck_7d51c86e0eec72ac,0.01486809718249402
ck_7d6bff85e7a694bc,0.0024007941541680827
ck_7d81b59d615a6649,0.05687556469868534
ck_7d9f73dc7c4f90c3,0.37495798065450137
ck_7dadef33f5e2d94f,0.9977045716776908
ck_7db098a17374bbf8,0.9814212034943366
ck_7dbe24ba01316775,0.06568862449196439
ck_7dca4d7ee10b4eeb,0.0016497718019224485
ck_7de6997178207800,0.0014863518497205109
ck_7df3f8f4f1068d62,0.0026146941107927537
ck_7df526b2b4410bb4,0.1037822409989884
ck_7df9910af2bba21b,0.007288198853500273
ck_7dff6abe4bd644dd,0.8999909681943691
ck_7e29c10d781c3b41,0.013324327451259017
ck_7e2ae8b69ebd5675,0.006899086166425937
ck_7e2d6b22a0ae20c2,0.10707709866736474
ck_7e3923d278a5106e,0.017235863137953285
ck_7e5401c362b2216a,0.00028665576285187127
ck_7e561caa5fa1f3f1,0.08936840642456594
ck_7e5f02b51b9f78bf,0.3110852884654122
ck_7e63168dda612235,0.000945966197399393
ck_7e6569a1b2455cb0,0.000706941277625205
ck_7e73e1d44ce82ed9,0.01348310882304495
ck_7e826e233d6ea028,0.011503157593099052
ck_7e9a8924eab779e6,0.9786931616436897
ck_7ea0bf310fc20c7b,0.9849655772539866
ck_7ea52b6f27edcb73,0.1394044358485166
ck_7eaad325abe3b50c,0.01136915273261864
ck_7eb4f33260f1dcd4,0.007929682892040412
ck_7ebc5fa7f0d3b8f2,0.011137166839174473
ck_7ec423cb56257516,0.0306419172784595
ck_7ecdee2d7127be8b,0.06242232261866782
ck_7eebd0e6ad6c070e,0.004951773984672363
ck_7ef019ed77276496,0.010475285980282243
ck_7ef666d67bc70223,0.027346005502458758
ck_7f08078908599bd2,0.05100722740510553
ck_7f0c4f609673ef62,0.0026868626094464316
ck_7f0cd6ea3096f985,0.05362257248232736
ck_7f15503048915d6f,0.0007920403643089036
ck_7f15b50b29dead01,0.05316537909739059
ck_7f188aaa63d1d442,0.005273395498508796
ck_7f1c20319eb60aa6,0.9994315997217245
ck_7f3132d6be389657,0.5576880439590902
ck_7f3685aa2933b251,0.22461458927220068
ck_7f6fa79c7a107161,0.006893586535113401
ck_7f780f465c29398e,0.01455317485031758
ck_7f79878197340435,0.015233010993352019
ck_7f8e816ca51755e3,0.6007848366030392
ck_7f8f864fcc90ca82,0.025344985799878587
ck_7f960541e5174565,0.004228984863888827
ck_7f9a748110d70005,0.007648725335762322
ck_7fa947a0b1c1cf74,0.061339854916264806
ck_7fbb709a0fe95759,0.0005798102880785756
ck_7fc513033af061af,0.6544782912659304
ck_7fc9a0776e1339e3,0.0005467326377759624
ck_7fd8b1470401695f,0.9439832965203708
ck_8007824431fa803b,0.00623364148858656
ck_8026e017909aaa6c,0.007574246316864538
ck_803c0b4cf9d4bc1d,0.06200046875247297
ck_8049f5fce32be185,0.9583736793441262
ck_804c5a1fa5753617,0.00837606487197844
ck_8053f1879a9b4e43,0.00799617405512219
ck_805ee564bd35ef15,0.1773563269034435
ck_8089fe7403c5f537,0.07716860926190454
ck_80a64a7f0275a71d,0.0023901288749466156
ck_80ad4396e1084c68,0.12145550349873134
ck_80b04344c98ec072,0.06330019327039965
ck_80b072b7f3c7e8e5,0.00884144503280424
ck_80b50fad7f255e1d,0.0136114817861969
ck_80b8fca67a14e0be,0.9718946279034978
ck_80c0a7f54ff4895d,0.0041999972672078925
ck_80c4e9274cf976b6,0.9988983382716355
ck_80dfa54b30f65fff,0.9145498303601451
ck_80e3041811033443,0.028971961178633775
ck_80e5ea27848069fe,0.005858873353286755
ck_80eb91b0b4001084,0.2708780451437087
ck_8105bcf69a75ee47,0.0014523176504975162
ck_81275d9d4c559e6f,0.006920364645582871
ck_8129e81cde280131,0.0025722242747918925
ck_812cb3a4482cc618,0.011992361129911247
ck_81307759252571be,0.0011343025999605183
ck_813e02e1ababd177,0.020379223766371496
ck_81429c4910ca46cd,0.006998173996667798
ck_8153cdadd300d234,0.0005253624251784037
ck_81709736281fa3eb,0.0017347316994979498
ck_8171ef803f5ff604,0.01443009290273484
ck_8176616132458c0f,0.014334694175043928
ck_817926b449754917,0.026248115485116835
ck_81793387b38047cc,0.0048247136770240475
ck_81818169208a8cda,0.005320396407116728
ck_819988d8a7f26415,0.00261075595459882
ck_819b482bca14c068,0.7130699555041606
ck_819bf3e8231f4081,0.033898928867582195
ck_81a960fddf79ecf1,0.9974241752325754
ck_81e21354e477eceb,0.0863515276413608
ck_820219bb9c761b52,0.31103016270534123
ck_821446adc95e6da5,0.00978128279106573
ck_82181b935360dcbc,0.9972494394516259
ck_8220da627e9992a5,0.025416133332386275
ck_822d6e8e43befc72,0.5618473440537359
ck_823539d936c55fc6,0.0008198099450211239
ck_8247b79ac67aae7d,0.01590450048400496
ck_8247f008a14bd1a2,0.002415551307420011
ck_8250eddc1ecb07a0,0.10636468542500725
ck_826a27ff7555192e,0.003919186812246236
ck_826ee896c9f1144d,0.2943681547865674
ck_8285bd3c90af94f6,0.005958064814053876
ck_8288f7f226e08b89,0.0029553713687107577
ck_828eef2334e17b3a,0.00743635915133359
ck_829cbf5ccda481ae,0.0022188512251685453
ck_82a8bdd2692c2a5e,0.0003136222060228735
ck_82b5b79ce3517102,0.9806220182408762
ck_82eed68d05a42128,0.012297965355649268
ck_82f07504ab59ed33,0.05073443107268568
ck_82f360df1e9f4eb8,0.14963369208016203
ck_82f3f744209888ac,0.005099512081492452
ck_830b2c5d1818ac07,0.03676245731245743
ck_8311cb6755b2016c,0.007936775505423556
ck_8312c49b1431a406,0.025857010517932766
ck_832341c98254bd84,0.05636811910241646
ck_832d39c590a3ca75,0.9814267093971305
ck_833688de8629c5c0,0.0008326170279642095
ck_833a65b86a5d9bda,0.0008211221042038674
ck_8342e08cc2f9bcb7,0.0034842124177308312
ck_8347455ab53ff620,0.005344290844797021
ck_834ca727df855f07,0.01956168633278091
ck_837be8126bb19250,0.0006173714575397516
ck_837cc7fd48453a01,0.007887833782396872
ck_838c52cc1d315ec3,0.1095645012535021
ck_8395f004cf4d4c08,0.0005580186068112172
ck_8398adeaf41f9cae,0.015422844159875252
ck_839bf139296b5cea,0.009422471280095376
ck_839ce35819bfa4fc,0.0026806065815842433
ck_83a69c4a5d55ef19,0.046204145600993736
ck_83b2b192f41ee2bc,0.4265774296701958
ck_83c2c34add971d76,0.001380156954967636
ck_83dde7da2bf647ac,0.00030997308851823946
ck_83e5979334345622,0.058392215733992864
ck_84092e23d5ef4d51,0.09167396056288589
ck_8409716d174635b6,0.007627104547883836
ck_841f598bbd54c83f,0.023844312345952603
ck_8424bf65223a5a9e,0.012726352169603283
ck_8432ccec1a4ec7fd,0.9990527552608598
ck_8440ef1386c07194,0.004874919709424284
ck_8449a28f7d475d93,0.05465290122414812
ck_8452b6cf97c65a5e,0.006526045781620906
ck_84569a8fc50e73ac,0.0202023087210942
ck_84ad096a46e1a960,0.05810637348498203
ck_84c402b23766e1f2,0.04853184831061297
ck_84d07028b5fca2f6,0.022165414559863462
ck_84d62b8196da2452,0.015407734437970269
ck_84df6770549e43fa,0.0028391722887226955
ck_850e2b59bc535490,0.11482257159096892
ck_850ec97a5a0dab9a,0.021683750425618025
ck_852c50bbba1ead13,0.2544826294819565
ck_8530158e3d7f59e7,0.006057813967312594
ck_8550f229b5eb03ab,0.0023299462474796577
ck_8563fed6674afc77,0.023224789111473132
ck_856ea65fa27d06dd,0.15784372773515928
ck_8572c5f5c1447c62,0.037532332323557044
ck_857a1f5547b9ad68,0.022102222245149936
ck_8582490d6e365a63,0.03762944636329315
ck_8584fea2df4c6317,0.02129656860352716
ck_8594f165e95316d2,0.0012105929286031
ck_85bf21aa1a00452f,0.001970356549722653
ck_85ca825f905a34a1,0.02658191118673629
ck_85cb5033fca7c846,0.13370480651629968
ck_85de63d278f0fbae,0.000824374824235074
ck_85df7b7de9700aba,0.001480485267740393
ck_85e5494ec20383ae,0.0270200523380791
ck_861af5a9a9a6d619,0.0023043144903724657
ck_861d8e3d88f1079e,0.19748881924255368
ck_862c7953bdea48b0,0.005281550646394818
ck_863708a99b92ef0d,0.11671056746096745
ck_863db2e394dc47d1,0.9985532284157714
ck_8642e3b6d84f49d3,0.007906415323150196
ck_864a11202e19e812,0.3424140300838701
ck_869b1878d09d230d,0.18748180422279606
ck_86a2d852a9715432,0.017610343129298878
ck_86a61d9a39768e87,0.06358783091909913
ck_86b853c52f20fef5,0.004054996678460366
ck_86bfe328e0a533b9,0.9671002328873037
ck_86d7127391d4e01f,0.0007618353805584578
ck_8703543bf3134306,0.06481958193865099
ck_87110d84872c0fed,0.013153626286252511
ck_8716cbf892c50e29,0.007576505047669462
ck_873ceb8004d3a9f7,0.16011179704634113
ck_8740a14d8096c6e1,0.03362300156395103
ck_8742114f4f0cb22c,0.6864587247611019
ck_874eca6776b34dec,0.0010587842273738113
ck_8758fc6622bbb7df,0.005763954760064516
ck_87771861e0447210,0.442426265725953
ck_8777beb11aabd66d,0.0034189840767013973
ck_877c85bad118bc62,0.1883937749362915
ck_87809324c2675b0a,0.0346719122876251
ck_878522cb775b904c,0.1335597876906938
ck_879cc3166fe1bada,0.00043673457349627736
ck_87abe9cd066a20fb,0.2024902843693085
ck_87c1d0a79e79c84b,0.0580616736329131
ck_87c26b2f41025109,0.9986177980463585
ck_87cce4126e215153,0.01396550854922014
ck_87cf36a03bd63c24,0.3779035252478936
ck_87d55ca333f22072,0.0014149290249580733
ck_87d70f5fe48a6128,0.19003144142253933
ck_87dc484baaf5a23a,0.0012052484967851748
ck_87eb43e3b9d96169,0.14309834021494786
ck_87f82b2b5fee757a,0.05033195975997653
ck_884168153c9c0c81,0.0005509578566218955
ck_884b2e463ff1d54f,0.01687698592579218
ck_885a83975cea5e64,0.00010866708047974581
ck_885cf685a9541190,0.7459626701595069
ck_88774ae52e30e877,0.029056815821823234
ck_888651bfc2c8cf70,0.007104334673974159
ck_88a8b1d442ca3686,0.03461339794874531
ck_88ab6d245228c38e,0.00010187330287790839
ck_88cd35378075c84f,0.0003277370015409516
ck_88d9244a9cf7a77e,0.6581979677339245
ck_88e3dd3039508332,0.13498818269243495
ck_88ec57a11b11f702,0.9930691665337736
ck_88ef9f85948e1a01,0.0027525976979051385
ck_88f27ab479063852,0.018044315632359403
ck_891530b489ce402b,0.0015149022586230017
ck_89184bf7b7fe41cd,0.2881369299711435
ck_891eaedae139828e,0.008717784213492084
ck_8929d2eb09872052,0.27837237196800524
ck_893b8afbe11301e1,0.0030539516173812365
ck_8955d7b9030d5eb5,0.0006490547675859458
ck_895bb39d24bc1c4c,0.0005558692765283759
ck_896096cb167254ef,0.06910631249109633
ck_89790ff26c844bc6,0.0063474752866909245
ck_8982888dd6611143,0.004631027708112081
ck_899f88464305824a,0.012613822716325933
ck_89a1a780144d808b,0.024258420768778398
ck_89c74feeaffa7d09,0.010257544387937979
ck_89c8b06aa8c84b2d,0.14307951175231357
ck_89d7bfc81c3df597,0.004457964613859602
ck_89f3e380b0686963,0.0017590582896844509
ck_8a16eb584093b12f,0.001075020659208172
ck_8a4952de8a123ef8,0.015122054463748412
ck_8a5a57858e8c77f3,0.01923900471898176
ck_8a6ea4a79b1c7a8e,0.0067850564850003275
ck_8a8f81bf3558fd9c,0.010989737477982806
ck_8aa8b9968233a1ab,0.0005638535677920331
ck_8abd1a50a9227463,0.03893048039832337
ck_8adb40b168b59d7c,0.1142493260084722
ck_8ae64df60ab6ccda,0.05275155500761914
ck_8aec3d3dd51517c2,0.0014833539097946558
ck_8afc1112c12f5402,0.04108750910608314
ck_8b19bb5b23b6741c,0.019846030820877054
ck_8b24eadf6c72b30c,0.8651512574292219
ck_8b3401b44aaae728,0.007819756404887706
ck_8b39d8aacfdd72b4,0.014121380323156959
ck_8b3b874249adece9,0.10104264240660028
ck_8b5b5a6b5539e39b,0.968440614268798
ck_8b772caed8f1541c,0.002937122794575522
ck_8b8b9de339d75d0b,0.04349939538083217
ck_8bb6b0a292754576,0.144804908696355
ck_8bb9e75393954a1f,0.0030576978858049284
ck_8bbb625384edebd7,0.0004169524714502648
ck_8beae3d7328fa41a,0.022940289301290474
ck_8bedacc6233c6269,0.020494161555937706
ck_8bf46e472f3e20de,0.5215940613968361
ck_8c0210322733c718,0.00278304105985369
ck_8c0955dad13c3ca1,0.003671869123958309
ck_8c136dc691e65695,0.00016581099907534496
ck_8c346eeefa9ce692,0.016596316043493774
ck_8c582eb0f6c0148c,0.017784661812646176
ck_8c5b29f6666d4874,0.06484906542352653
ck_8c6f059c95872126,0.0028611350152059237
ck_8c748aaa4a4554f9,0.031506130553471685
ck_8c84fcde93a04334,0.46011083764591104
ck_8c8c98cc694ac900,0.009225579232524853
ck_8c949bdc6e8720fa,0.36976746780891256
ck_8c95aeec6a4c75b0,0.0026556643899968905
ck_8c9b57ad2a991416,0.004372658543216267
ck_8ca808cc5a49cb5c,0.05150162824765134
ck_8cb20053914692d0,0.03601451835070787
ck_8cd1b68dd74b1375,0.28551927004761884
ck_8cd274cc85aa35d1,0.032515875660352904
ck_8ce9c5807acbef48,0.004022192959018999
ck_8d0532d24f1070d1,0.0015627768734246751
ck_8d0cd981ed3a183a,0.03981987877395689
ck_8d27ff8383d48132,0.026016693844782085
ck_8d2afe17c0082e6a,0.05495321888547063
ck_8d2f62930777416b,0.07950706494158027
ck_8d38747058d0aeea,0.8641744212094848
ck_8d501a0386c66be8,0.397608935287031
ck_8d5eda29a2cffa3c,0.008133111966830997
ck_8d5fa65717d2e0c6,0.01633670818852736
ck_8d8226520722af78,0.11241658370972954
ck_8d84d771a21942a7,0.0015484775076957248
ck_8d87658a6f5d204c,0.8098870710901451
ck_8d94fbb4828ef326,0.007646935607409846
ck_8d9518f64b222416,0.02742175167883319
ck_8da980cb2e1e2bfb,0.12429909811618309
ck_8dacf3a2061ca17d,0.04807571193204652
ck_8dbaaa00ad829ca9,0.036001337612759206
ck_8dbf61df902a6bbc,0.0020076614946208226
ck_8dd44eead7d765a5,0.023225726124554945
ck_8ddaf745bbb9cd62,0.0002426006994433223
ck_8dde670a735d1e90,0.47105926005751897
ck_8de38f8c7f91961f,0.1534241419669242
ck_8de69cd219d3b87f,0.5587706681944176
ck_8def763034187436,0.030770717685928744
ck_8e039b23acaaac00,0.2603626457380434
ck_8e139f8925ef7968,0.006573475111963936
ck_8e16a64a776afa82,0.7153659332090542
ck_8e2b2251ee224aa4,0.010546771363036228
ck_8e54386f4fe22cad,0.07608255992363283
ck_8e5999c436cf037e,0.0015134674677919375
ck_8e7a32f7e3905f4e,0.03136081960087278
ck_8e89ca8b39f3f8ad,0.010264131272417328
ck_8e9faf94e3e6c757,0.0008573702715608417
ck_8eaf9509ad9462a0,0.0005050216424053133
ck_8ec86e853ad52828,0.3113596864859242
ck_8ee08f6777cc155b,0.012723019288962283
ck_8ef1d05cc1e53e7e,0.09052698565598838
ck_8ef97b55a5fd6ec9,0.0005516757183563407
ck_8f1cbc432e2774f8,0.024815178930607838
ck_8f21f2690c32c691,0.12303758072535687
ck_8f346b72fb40bf14,0.0099117995809921
ck_8f35d229b62c8f23,0.007259300696716323
ck_8f3ccbd20d59f1f4,0.0019255034749621096
ck_8f43459991ea511f,0.013720108537148598
ck_8f4b384955bf57c9,0.003390654308005714
ck_8f59f11b512d5b7c,0.07169752216504069
ck_8f604fa70fc3c8e3,0.006632792120233869
ck_8f6ca5d3b17eac6e,0.0006255089986663244
ck_8f6cce9f69912983,0.05082215906274326
ck_8f6ce158c2902877,0.0017608196703686398
ck_8f8e4fb9c6190272,0.016841951773781026
ck_8f8e5e2b9dfec3d1,0.04858154722013842
ck_8fc641b1750a2542,0.09642989860080381
ck_8fd4937eadd64fb6,0.004360375037684825
ck_8fd91a3c99e19097,0.008456864368623685
ck_8fea7d915259f1be,0.005777686745346615
ck_8ff1e6028e764472,0.9697306824056086
ck_8ff7a9b23a55fd62,0.006811607813550088
ck_900d62b3184378c7,0.0027406898485192455
ck_90114c891239d821,0.0011081112731765824
ck_901d820e0b72abae,0.009435366017236208
ck_9036b2e5e9298a34,0.01752804482451388
ck_9040edd974ef8e3f,0.3755577887737178
ck_90456160115f9ef4,0.001238597873081911
ck_90489c405e6886d8,0.004450085899037189
ck_905e460591d9a278,0.40076316428685793
ck_9060f4e7ab7a1b0c,0.07274937603218588
ck_90696b7182dd9129,0.02239554195576401
ck_9075432001a64e75,0.0014615217878617475
ck_9083ca9fec2a7f4c,0.012348382948543781
ck_908b663b2dda94ad,0.01877505750404923
ck_90b4ac695b9c6bf7,0.004556674594671369
ck_90bc176c43d85fd5,0.5107982695894753
ck_90bf017cdd37b66e,0.0712072399877516
ck_90eeca1cda79fd41,0.002870249083240801
ck_90f3655f0c8a0074,0.0006123900826335571
ck_90f6f5ced708aa75,0.0006673602366960269
ck_910205d25388a0ae,0.00030272851677986504
ck_91081be0254878a5,0.0033198430520422735
ck_9111e3a04b14dfba,0.06877303314547183
ck_9129c92c12e0c8b4,0.016479597577911193
ck_913ecdeeb8e21a9c,0.0012844965431540532
ck_9158bdbb63ee8987,0.007974016985176332
ck_916784595f028226,0.14906473279980875
ck_91742711dfdffd56,0.02894198845228853
ck_917d82c552f95a23,0.005203123680123896
ck_918c92182b6817cd,0.02042830515853756
ck_9191579254663f5d,0.0013687449195736755
ck_91955aab3424ad16,0.04468533980909449
ck_91a0ca45f429568d,0.0575412486623213
ck_91a16336ce3217dc,0.042155843090744285
ck_91c2a5fe69b9b1d1,0.0044958523025357775
ck_91d417507a8c58cb,0.413525579157333
ck_91d48d69e4f5d9c2,0.004130759241549634
ck_91fa5032f7aff0f1,0.4404449156623354
ck_920a48ba8c583e96,0.002737510466315354
ck_920bb003b42e6310,0.0004193545168138555
ck_921ff5ceaf40a968,0.016739997541060956
ck_923d6a0f83accef1,0.006468695337986752
ck_924e572517515f19,0.748035256828993
ck_926b81c0ba528eee,0.03782447383999702
ck_929bcae878a3ecb3,0.5764579368756874
ck_92d679d6ac7dcdcb,0.2672388773264956
ck_92d782bd9ce0d1e3,0.012732411462191747
ck_92de019e05971ce3,0.03203163515945579
ck_92e474e4368c4791,0.03285431448505703
ck_92f6ebc11ebca89b,0.19624717707230846
ck_931510e384b1d0cb,0.0005743548600199808
ck_9323e6fc1e168eda,0.9675427370309015
ck_9332bbc7125219a7,0.004151826789205692
ck_933789b55361d7c1,0.9884357814347438
ck_9341c7959543c542,0.008915343571114696
ck_93470896f0804b6b,0.9984859298430792
ck_934fb5064b6eefe2,0.0012398423076274557
ck_9371c700d9830326,0.09441412484177485
ck_937402a60df0821c,0.0005007210758712724
ck_93776b0c113f41f0,0.03226375962278211
ck_937f0da2306b2eb9,0.0016918506048012156
ck_9385f5a1eeebefcd,0.032646465526680137
ck_93892e91387f5103,0.018936089584731093
ck_938ce30c864bc7df,0.0017146644593991755
ck_939fede90473e412,0.004586636975465874
ck_93c0cb3dac4891fe,0.017699486176918088
ck_93c4e05699b3b7d0,0.0018491652798307055
ck_93cc12703b500613,0.06432784158274894
ck_93e0d6befb67f7a1,0.04246324619985251
ck_9401f9e11f65337d,0.04521893226222405
ck_94295287a04c85d2,0.29522362969107385
ck_942b95988a6245a6,0.3569493246867496
ck_942dbf632591b65d,0.02409122068096837
ck_9439bff87e616d4a,0.006520360607940509
ck_943f66f28dd24750,0.0002439985112426554
ck_9440335375701f44,0.009175629842918292
ck_94410eedfca91304,0.04251626824153019
ck_9441d48a12e8a4bf,0.7548684535161833
ck_946afc2943298d26,0.0024480331037831163
ck_9473ea4a01c95f9a,0.07538460079066397
ck_9478dfe4114c30f6,0.0028523426167440433
ck_948517bad569b40f,0.16035440122944555
ck_94940d783e7988e6,0.023765318387956886
ck_949f08f8e80e93ea,0.003070731879750345
ck_94a096c36162a153,0.014926681745597005
ck_94b59bbc824b307a,0.0005694714734505412
ck_94b90ab8b2dfb50f,0.03792369578210107
ck_94c9a4d382689e82,0.03737393941544438
ck_94d5ce61a0c50465,0.01404292451834626
ck_94e8142728e44380,0.09450754522965969
ck_94f4266ee7871345,0.004020913364251549
ck_94fff69584dd3b2a,0.016211378141373464
ck_95188150ff059c70,0.19432094829150617
ck_9527adac182abe57,0.768432613278998
ck_9528e1d6b1707870,0.04466000031570148
ck_952da7ca9f33decb,0.10357268975775381
ck_95391029a21caa24,0.05736792124954132
ck_953bd5de48ccd70f,0.920218869437829
ck_95458880a54df0b1,0.3701442632998016
ck_95654593cdebd141,0.0007654019242840339
ck_956b5af6d7d86c65,0.8778297719478482
ck_956dd784525f5886,0.03226554021066778
ck_95790440bc4bd2d0,0.004913527453481388
ck_957fb25437c75e41,0.26747493644961734
ck_958acf84c6137a22,0.025089784453126783
ck_958c0bd61820147f,0.16678056848039127
ck_95945f48453ca532,0.03754580591033176
ck_95aff1fe27fb24bb,0.12429227154383533
ck_95b48972061abe82,0.0041951330655775375
ck_95b894380ad2702a,0.03646734009825591
ck_95e444a01e2ab4a5,0.027014891385750892
ck_95e4bef65c36af1a,0.002161300053360103
ck_95fdc264eac72fa0,0.005481357268750773
ck_95ffa1a805a1c9d1,0.0017226190251059357
ck_96100d5e8e051e91,0.0017147989807697597
ck_961ddb8ff55d868e,0.001803275836172796
ck_961e7dbc217cfbbc,0.005743850306445755
ck_96247fee0eb44420,0.0009336482143384774
ck_9625a64406ea16e3,0.00227990543046571
ck_962c3bbf27cd4b80,0.2658933792899732
ck_962e65ab33b5c311,0.9870267415736443
ck_963762210edc5694,0.04748572566957001
ck_9645e7adc08631b5,0.024741671731583162
ck_9652283c9f61fcec,0.0008781445310684608
ck_9658a6ef471053f0,0.02741784012679588
ck_966901ea9c77cc02,0.010787426988284679
ck_966a167758fddfd4,0.152022560825573
ck_966d4d713cbc7792,0.002521112297612369
ck_96810ad39d4cb7b0,0.025748178957169424
ck_968a99e097ee78c9,0.561495116125332
ck_9693b1eb70880205,0.009826082316830017
ck_96953b8945b7d403,0.003391059887023135
ck_96a89e720176b389,0.18721758732742333
ck_96a9221a87be93c3,0.049666401315820286
ck_96c3a3517153390e,0.008775194580652958
ck_96c7d52ba0a766ef,0.19693401342196648
ck_96dff7a09d45f116,0.479404315686392
ck_96e4d38ef670eaff,0.017249765916835264
ck_96fb9bf556842bbc,0.008989304261281224
ck_9700a00ff9e66216,0.03157076725897663
ck_9704c5cf8659cedc,0.009798896621869588
ck_970c7dc195161272,0.0024612989419241418
ck_9720a472a3e0140c,0.015864091297026785
ck_9724718fe64c6557,0.996919053744216
ck_97402a153348e68f,0.0015992267533602093
ck_9741a82faf5c7889,0.07291448270371768
ck_9757163e25262b74,0.09729659046478635
ck_975c2aa3d4a8c51a,0.007012660182902704
ck_976fac1bb3dd8c58,0.03194892351953628
ck_9776cd8263a9f415,0.028806045936483865
ck_9782c86ba6485f88,0.0009315591954726771
ck_978c21bb5fe3171e,0.05755944248296072
ck_9790138467a06223,0.000258594039983859
ck_97a8dac48dd62488,0.5290149388469576
ck_97b8e05d62abdc14,0.07037702780013065
ck_97c38e7f61c27e47,0.008743273522334376
ck_97d04a67a104af39,0.1363885266051165
ck_97d4bd922996fa10,0.008639567965728562
ck_97e3b04a1350f6e4,0.05938750111023786
ck_97e56e6037024dff,0.0003066410811823277
ck_97e94708bcf43563,0.009950000232208298
ck_97e980463aca4644,0.003270006594112227
ck_97ffae702f7c3d08,0.0008880053407858443
ck_9800c21dfbd8e811,0.01062146916540393
ck_98068c397d70dd3a,0.025503597021432033
ck_98149ed45d38c4d3,0.11597375211820055
ck_98217aeafa0bfefd,0.012648913068903032
ck_9822f8ed05335741,0.01450454804797423
ck_982b0bf2e2b6c4f7,0.011626491144996377
ck_982c2392238b7be3,0.5838573348944619
ck_982ebb24174a4ade,0.004410397725735892
ck_9843d0e61c37ebe8,0.9994797516190148
ck_984dd7452aee372d,0.14015960579088338
ck_985c9ca112000e9a,0.029393505156790345
ck_9863bff41d24ce9b,0.005231994958502727
ck_986e4e61440506d0,0.22834591688322733
ck_9874ad160efddf50,0.007161919362561347
ck_9880410fcd10a28e,0.0009178777467187925
ck_98831b57c7ca2e4f,0.0017227007842218363
ck_98b34f2d704c1c2a,0.04331916881077078
ck_98d2f9a6ba3a3077,0.9376875663915476
ck_98e1992ac8e7d2de,0.10168583991390934
ck_98e337806104dd88,0.00016201777582509425
ck_99021fe7225b5a68,0.040197818323346776
ck_9915ceedf63a5289,0.07252954000861872
ck_991b7dfd69098320,0.0015943392785276577
ck_991c4c924a1d85ff,0.6650031646327068
ck_9929723f65636c7f,0.9993207218414598
ck_9937dad93a0ed3c1,0.005421015319378964
ck_993beb188dd4abb6,0.012106023849411559
ck_994316fa5a02b319,0.00025354764740610346
ck_9947a323bab5cacd,0.537693765285849
ck_9949f53c155b8dde,0.003556050317887929
ck_9951bd806c13c7fd,0.12105065320420852
ck_9958b58da9e3c21c,0.00774088479203369
ck_998475a2e4dfad4e,0.007139744936794306
ck_9986c7d781ac6b4e,0.010189628702236019
ck_9994323f97109f4b,0.9957486556222946
ck_99a4e5ef02d89493,0.026978644607816977
ck_99a92d710a29c1d0,0.010098396552085668
ck_99b4f266b61ae7ee,0.035960912543264036
ck_99c0004d8b7079f8,0.008439370758726576
ck_99c0a41ac9c73857,0.003082957693491373
ck_99d3983f907828bf,0.039008506069408394
ck_99e52c3c2530b69e,0.9995694390694282
ck_99ee90946395d74d,0.9408673992385918
ck_9a0b605e9c3220c4,0.029375582615607396
ck_9a15fdefc47e8d11,0.02710734477795244
ck_9a1e3ec9a1839939,0.0045237190368258035
ck_9a21d183524734aa,0.055175995483007896
ck_9a2fcccb82da663e,0.013645070929325447
ck_9a36916b60178ded,0.9735692738578958
ck_9a43c0c73a39d759,0.03875513236860381
ck_9a4967cdf49265cd,0.3386837047402587
ck_9a56739d81f84a53,0.011331918591990443
ck_9a65fcfc7916f93f,0.00034092629189993464
ck_9a66cb13a9884cc2,0.016089579041669178
ck_9a6a1f8102febfca,0.031011626509448748
ck_9a84b396aada3fa8,0.08504983077413551
ck_9a881d5433126ada,0.03140440929573276
ck_9a88a5a989cb5bc6,0.020844754401108976
ck_9a930faade55b8ea,0.0012994493741749096
ck_9a9e3dac79280d7f,0.08665195077980418
ck_9aa45c4e03c8c57a,0.046072679902874815
ck_9aa899a5230b0963,0.13301431578831918
ck_9aafc33fba1474cb,0.008282388177756575
ck_9ab42875a0f95b43,0.07252176856026563
ck_9acd98f4fe2d474e,0.5101540101850248
ck_9ad08fcc183ea1e7,0.002634275216481267
ck_9ae904fbef56065c,0.025861248132028187
ck_9afc3bb849f3a64d,0.006129793173887116
ck_9affb0f26776b642,0.0033771889654676556
ck_9b12fb56529ebc4e,0.013149214445675897
ck_9b1c3742dd6fcb8b,0.02534384088618383
ck_9b2b0e286de78a1b,0.017128943645918833
ck_9b436162039a77d0,0.08816232330194891
ck_9b552204498b6762,0.01468775953125512
ck_9b5e7fe28208f5d1,0.010868909280878494
ck_9b5ec0f78e160e65,0.001552056834701337
ck_9b6282e3bad50710,0.04202936702667049
ck_9b665ef46d785324,0.0025559913197517993
ck_9b6ee35e8cd0b11c,0.008832452082263704
ck_9b71274ff83de482,0.9902798495262775
ck_9b7167da0920c37b,0.07586728649168914
ck_9b9ce7bebc235fe8,0.003445489616728213
ck_9b9d9e579e7b55b2,0.0884312839882257
ck_9be551300209fa83,0.009796721290886259
ck_9bedf54df9418e4a,0.007169921738662283
ck_9bf0d28119fc42c8,0.03367820348601466
ck_9bf3ce30b65f75c7,0.27884592336209035
ck_9bf95f8c47e7c7b4,0.003993438719142802
ck_9c0deab8a8367c5e,0.000855095280955853
ck_9c3aa9f23d01fa1c,0.00253424917062038
ck_9c46711b14d9eebc,0.007366411030662606
ck_9c4886c5c90ddbdc,0.020764264296571185
ck_9c56114f84e9a541,0.001838821007804145
ck_9c5feef7647b0588,0.005507648111922393
ck_9c60ae6958d68dbd,0.8674472850792257
ck_9c9287cb28950eb6,0.023909312444112464
ck_9c9884b9bcaa552e,0.3917022813098927
ck_9c9e8a38bd5a6c88,0.01834718613106883
ck_9cb89cc3178e0172,0.0297478213442497
ck_9cbd9ecf8374f65f,0.009187306056585277
ck_9cbef9bc95449dca,0.0030644525829117246
ck_9ccb17c35e636c5e,0.009428681878816481
ck_9ccc030ba2de9fb2,0.11293620622835199
ck_9cde4036d0914427,0.02324881880916482
ck_9cdfaa1c30cc9d32,0.00048308061422315323
ck_9ce743dd3e92549c,0.015507796546842829
ck_9cf44eb0237c2429,0.021664072882911407
ck_9cf5e88e97c8c7ea,0.03096514259427246
ck_9d00823bf60388d7,0.06061867062539743
ck_9d1a5cf5a3b87e48,0.022431528732288365
ck_9d4b5e6b43bad4d8,0.006660976549691489
ck_9d4fed252718f58a,0.07217025125564246
ck_9d5049e195eda029,0.013618708343090756
ck_9d64187c0800f84e,0.03451429546681857
ck_9d7151dbdf100e0e,0.07626406531938151
ck_9d7b9e3ff1f3e71e,0.007208638855061398
ck_9d8e9ef37797d3af,0.8930795546470148
ck_9da82e567074da9d,0.014831322166159297
ck_9dbe184e81c1ca8d,0.05588675521862942
ck_9dc23031b6b494af,0.03759856118565671
ck_9dd7daacb7833233,0.024696321618008187
ck_9dde2c63acda3ba3,0.005286971499093943
ck_9de191bf79afd676,0.0073916060105210886
ck_9df7e153868bca13,0.006058037576134972
ck_9dfaca4c7c80b10d,0.16890986856716375
ck_9dfb2ae78659240a,0.06130159845395557
ck_9e0383e1fb6e214d,0.026042663855925213
ck_9e109edd124492a5,0.0052726234698911665
ck_9e17699baa83d173,0.004366750418639323
ck_9e21ea33018ce538,0.07767495158719595
ck_9e298cae167f4693,0.002266868671728594
ck_9e35b908fca1e4d7,0.001276971628670724
ck_9e3896c2668ce06b,0.0943579770278651
ck_9e3fbd04e3532f32,0.34859251764647337
ck_9e5b7acf51b1b743,0.23125484826159587
ck_9e65a8a2f587691a,0.014400351335363538
ck_9e665618a4860306,0.0006950523326905954
ck_9e7278fc7679f002,0.16623729847342356
ck_9e75c6641939f4fc,0.04112815861036252
ck_9e962f9bb0e7bac2,0.01040223627704627
ck_9e9a830785112a73,0.04330360446438594
ck_9ea3d5a5a91fef9f,0.3353701586863855
ck_9ea5872f14cce338,0.030000130370100072
ck_9eb08369e983abfa,0.00043951363880849
ck_9eb1da8cd35a50ce,0.0036365287949218384
ck_9eb5b3f5f672c2b1,0.000176122007681254
ck_9eb80edfa43203de,0.031842151877423897
ck_9ec7f334604a228f,0.007665599195222532
ck_9ed53de6ef779ae0,0.001191751850524263
ck_9ede51c8434cff6e,0.062594945917859
ck_9ede89e8a43c3f53,0.18099544339172885
ck_9ee044b73943a90b,0.010132931591213808
ck_9eea37d2de633b27,0.005978816723258831
ck_9f3861940d8d873c,0.10291818402447574
ck_9f50920c894f64e1,0.07090313440781479
ck_9f5f81d771146aa1,0.000510623365055046
ck_9f7807ed64cdb728,0.06866003190775587
ck_9f792e7e721ff7f1,0.0016184873487448802
ck_9f83fa5a2d3b9049,0.028158364438394434
ck_9f85fea4490c00cf,0.010284331920597804
ck_9f9555197480d1cd,0.006846107134159013
ck_9fb11688dcfe1513,0.012998833113276176
ck_9fb8e3d38cdf276d,0.9738406531350284
ck_9fba80f56f357fe1,0.007971033677605677
ck_9fcde1ff46cbbea5,0.00206236214782124
ck_9fd0be2c018ff5e4,0.028632623894977637
ck_9fe9bdce982b312c,0.05208951807341035
ck_a019151ca8e7527a,0.028739728187223527
ck_a0255ab46e122d2f,0.0007336987396137404
ck_a02aeec1914c158a,0.007034282162728127
ck_a032e8ac1507c6df,0.930396064192396
ck_a037aff5f8128c73,0.0021940300689835403
ck_a04403073c90ce38,0.00018360968076541452
ck_a045a19369016818,0.9997271797690325
ck_a0498755cd8d7188,0.0005012901669973585
ck_a0543e9b3abe1001,0.5610373167109342
ck_a059d00cee5cee99,0.005288308984022971
ck_a0714f98001efa0c,0.01483642406184916
ck_a07e7409d6d5aa06,0.02682607057109346
ck_a08f8dfadbdca112,0.004853034923050237
ck_a0b4209feb31f5c0,0.99963256532526
ck_a0c3059a959ba5d1,0.03451517508058431
ck_a0dab7aa9c4a39a9,0.004444463002858581
ck_a0db4ccca08030c3,0.8579216108057344
ck_a0e3a2facd508e49,0.03353178225525456
ck_a0e46b67e986ab56,0.02057367124364607
ck_a0e5656e1cf9cbf5,0.002360169015771479
ck_a0e96fed380440b2,0.004650460035473976
ck_a115a7919ac5875a,0.1291031269522789
ck_a1201284122c141f,0.004523616728510613
ck_a13fee8cd925d0dc,0.019668829654387158
ck_a1484e6215fac651,0.8624978607635678
ck_a152165caf295b51,0.04278458958719824
ck_a15fe7d0f4b65c33,0.6640318218458019
ck_a17128972d3e507d,0.029541574291166307
ck_a1a93c5f375f6021,0.008665844303580975
ck_a1b4c96faed3e0db,0.06583466135160114
ck_a1c39df50a5873b3,0.04342412729392102
ck_a1c78972e4ee4082,0.060085450476123015
ck_a1c7adfe26e09a8c,0.05470358555746243
ck_a1c7cf63467df4c2,0.0023782258464671567
ck_a1c88c0568f142d0,0.2789111206562831
ck_a1cdebfc42a52448,0.0014133539123737232
ck_a1e13c0d58560340,0.00027691903900284895
ck_a1e77090b1c6ccf4,0.0025133461476834398
ck_a1fd0ad03ff9b776,0.012105583973733855
ck_a209a5f7d172125e,0.01998732076414745
ck_a2245822cfea997d,0.003506313481508627
ck_a2299b4f530be0d6,0.7800447217492487
ck_a2624e0387974e0e,0.17011455364876404
ck_a2637e4872cf4811,0.28179862483501383
ck_a26704b5b26258b7,0.07943505465368175
ck_a27bc31eecd9cb9a,0.021906305363238777
ck_a2858979dd5645ef,0.0027211617852702743
ck_a28d6b1601b472a6,0.16495617610990118
ck_a28d9bb5590d458f,0.17905619834117323
ck_a2c3e82fab520483,0.01441243097490156
ck_a2c9796ea229a4e2,0.0029393054254188817
ck_a2cc3910a641a808,0.7946941143178198
ck_a2d0417791d4132d,0.01387150634402427
ck_a2d709e7eb91e4af,0.09132517994098509
ck_a2d7a563f520b7ea,0.01001508048527692
ck_a315c9619a317609,0.07193479693239042
ck_a31a64a39a2c4941,0.0020661642449717552
ck_a337eb38eefdcc88,0.22277601608091416
ck_a33d2325f86ab12d,0.028818855750828754
ck_a3564236069e3524,0.07119106846681349
ck_a35d81bcc54ece2f,0.011919861559143003
ck_a3747201f377626d,0.9867422114937995
ck_a378c58294001a36,0.9826707236791911
ck_a38bd07a5fac5c9a,0.004910432681475586
ck_a397cd64ec5d644b,0.009886268325144576
ck_a39d0bca345b492d,0.01719203242936043
ck_a3a0bd59729fe619,0.006093231968034649
ck_a3acf4b986afa98b,0.1658516095060366
ck_a3be871ca22ac416,0.00650055057901661
ck_a3c25d6cc7478068,0.015298211014380725
ck_a3cce46d15cc20a2,0.1207273130577881
ck_a3ce05e9e5e32142,0.02109475429318177
ck_a3f821bdf408c326,0.010697042770861673
ck_a406bf11e48cf8c5,0.1798276766677446
ck_a4258806a533efa9,0.03128280148269874
ck_a432b1bf1d3b3d5e,0.500130646221647
ck_a443d49c2b4863b0,0.00697619867186087
ck_a44462a3853ac67e,0.9983797800716652
ck_a4691b57f837d88e,0.01357813723250018
ck_a46c1773f01f0be7,0.33093441953867536
ck_a477654d34783e06,0.0023432099300287547
ck_a481385c2e60dc4a,0.006859221466104545
ck_a48ec0c00ae20e82,0.10033671341079928
ck_a49a2c1f881a3560,0.002004013416402412
ck_a4a01fd45936b078,0.019592794580860103
ck_a4a42d4bff8af645,0.010551400965746837
ck_a4a7ef3ad799c380,0.06341953083523452
ck_a4d6e152b0076964,0.0026504460129472066
ck_a4d7f6a5869d440a,0.9936300791482024
ck_a4db6e94a8f77f9d,0.3003129809896521
ck_a4ddac49657a4450,0.010850261677470456
ck_a4e2607b4c8021e8,0.0009259964987732057
ck_a4e6fc391b674335,0.7238023838206751
ck_a4fa8833995c716a,0.018320271195173158
ck_a50370907e6b397c,0.10871287356516697
ck_a5051eafe8b51224,0.008287241917588993
ck_a50621b5eeca84b4,0.00044208998973824443
ck_a51abde881ebeff3,0.00719913792599561
ck_a524071c51ddde20,0.009343683459968177
ck_a5276af466b681de,0.002018264227303948
ck_a544e766540861fc,0.032388453368614914
ck_a54dc042ebb7c766,0.48778009592363414
ck_a553418f2fba1440,0.005786329608484186
ck_a574a08edaf81781,0.0012376416923441263
ck_a58e900469dfc3f0,0.06658797492241628
ck_a59e90219939a1f0,0.005176449692034158
ck_a5bdd026fa9c50fd,0.0023566154099818656
ck_a5ce2ae36fb410d9,0.00041426001776835136
ck_a5d7311291caaa54,0.004433656094167566
ck_a5e036327d3d1862,0.0012789766574097445
ck_a5ecbefa849ae569,0.008883462657250062
ck_a5f7b6fed6df2aba,0.14228601939914542
ck_a60388296a47062c,0.023544373621099086
ck_a60a61ac829252a0,0.008932196124536291
ck_a60c618b7f0e4252,0.0004384008113557659
ck_a60d6b324bae0330,0.016797235494639427
ck_a60e6edc48e3d0ac,0.8485319661406977
ck_a60fe02fc04407a9,0.06941659173754915
ck_a61a879dd46fc9f2,0.002768350956506485
ck_a627734880aca848,0.0013651720391452836
ck_a662b4bf900781e4,0.0001961964484761334
ck_a678731156ad7bd2,0.5233201533338123
ck_a69084a068bcc8aa,0.07478801079466632
ck_a69ca7b9d70972bb,0.001090525097994282
ck_a6c02ae50932cd9d,0.005891572814300422
ck_a6c740041faf0bd5,0.004793609731066037
ck_a6c7b8d6e8596d4f,0.22539166479222922
ck_a6d4f998dadc90c2,0.9878593587523686
ck_a6def1e4b2d57e0d,0.16536682807876904
ck_a6e8e8f535b1f1d1,0.06698535502411611
ck_a6f61864fac3c8fb,0.027791711436975026
ck_a6fc92aa91e99b77,0.9846661768387596
ck_a6fe344bbf67f14b,0.00589668466890772
ck_a705c61bd679496f,0.027733292569124667
ck_a721f0d635fad68a,0.008758636586504104
ck_a725d7aed2a0bdc2,0.0014609920327877672
ck_a7285955e2852686,0.01955984238436445
ck_a72d6df666e1c21c,0.027909333610234604
ck_a73045e96af0e4fe,0.014638163812237329
ck_a7331e8b808c39aa,0.1073192104430938
ck_a74f6a3030f5d495,0.004717554996410398
ck_a75ece9a9044eed0,0.013202864273521214
ck_a760d38d1bc4de97,0.0009016962676168911
ck_a76e8d83b9141364,0.04585820020380987
ck_a76ee3b3e3e522fd,0.03517694569541161
ck_a777c813551281fe,0.05661561384202625
ck_a79a27767a02e31f,0.0296344692633456
ck_a7acd5b015823793,0.0117542066266635
ck_a7afdac4ecbf2de4,0.7607197411383366
ck_a7b57882ab66b111,0.000979709112167209
ck_a7bc323ffed2ea97,0.512962523402148
ck_a7c1dabf3869772f,0.07613416297025234
ck_a7cf6c3b322f6b7a,0.003575584695382384
ck_a7e669cf1c3985aa,0.0418251319723932
ck_a7ea00a1760ad561,0.9980375101040536
ck_a7f522382509cef1,0.005594122081536657
ck_a7fcf7b592f68ca1,0.07868784418859388
ck_a821980ac4db9943,0.5162800653655215
ck_a823f5bcb0e4b9df,0.001063542845163085
ck_a8382d8345f21e1e,0.00042704049454338216
ck_a84f2cdf695a71d6,0.004951613345934911
ck_a85182ad90b6f1e1,0.00035787286116009985
ck_a86cd653472eccbc,0.02028460020418908
ck_a872df31b28a5f7f,0.3301803136313984
ck_a892252e4e0c2828,0.009093074161694794
ck_a89b66665714058f,0.0031344856075557937
ck_a8a2e296f9804bd7,0.015406516634861587
ck_a8cac8d480306839,0.00044325692730995566
ck_a907fa8795cd4baf,0.0003935598224810511
ck_a911a066ff0f7b56,0.015982670178639358
ck_a9161cf1ca22a6bf,0.0012936208200467225
ck_a93560aa348d6225,0.02409445046689847
ck_a958b2461ffc21a2,0.5078683143318352
ck_a95afc7a00303a26,0.04675457580159956
ck_a95f212a02433d23,0.002093185306123595
ck_a964e6b5d8415334,0.9002940701950215
ck_a96887f841e80fc1,0.044264304787776466
ck_a96aaef34173aee6,0.16071686333564308
ck_a97b481ade6f7972,0.03343065722216595
ck_a980b296c95153f9,0.01852948396200522
ck_a9812ff3c111ea94,0.0925609813944203
ck_a98848eec6c9581e,0.013670276834761366
ck_a9989a3a94c26634,0.022804067685584017
ck_a99e0c258ad7576b,0.005555223229684706
ck_a9aa389688ee5aea,0.005110010173312082
ck_a9aa5c344c315532,0.026428200961645713
ck_a9b0c4dbd7db6a91,0.08968339359025752
ck_a9bf75bea912027b,0.08171979965920959
ck_a9c2cdc758df8510,0.05999811610636596
ck_a9ca2f447b984a6a,0.06095287776078674
ck_a9cd84a6dddfe584,0.014111882208932053
ck_a9d2bb4f2bde7052,0.0010856324600277802
ck_a9d994554fc14a02,0.00011606922333840811
ck_a9dded7f6294e44f,0.048272537642511264
ck_a9e7f3b2d5dfd97b,0.02544464955856599
ck_a9f700eee5d638df,0.001242986455125386
ck_a9ffd6b3957bd41e,0.0038346625334297686
ck_aa01d5aafde73d0a,0.0014398110380238753
ck_aa06ed358e43db69,0.1712793864255262
ck_aa075c418ed9fe5a,0.020944848780937393
ck_aa0a3179f1111674,0.003086715361391128
ck_aa0b083e2a6813eb,0.10247385615793983
ck_aa153a89a52f7eb5,0.16570901456828313
ck_aa188e5c25f7f42a,0.06520533855677306
ck_aa295a11b0a6ab36,0.0173230480884176
ck_aa2b4c662ff213b6,0.07941907350978535
ck_aa37993f1c17cd1e,0.11776381532127156
ck_aa42976a31cb7770,0.0009495842215007059
ck_aa4ba931dd37481d,0.0021221895768318384
ck_aa59702537557ff1,0.06924362634966383
ck_aa5f3ab48c17fed8,0.4635913629299026
ck_aa8b9b36a099e4c8,0.06289835885783021
ck_aa9953c0ca2bed7b,0.0004942563632533258
ck_aa9b28e7fc43af79,0.8540659244792383
ck_aaa9861c91bd14dd,0.00533098969417448
ck_aab23b5470469649,0.02627849209201616
ck_aac70764dde15168,0.014376576177356203
ck_ab01db9117acfe3d,0.00353913338154116
ck_ab1b9d019921bca7,0.013052442371734061
ck_ab1bb02f6b189304,0.12859082151940504
ck_ab2aed614ec1cdf8,0.02984490042167904
ck_ab2e3fc56f5b3aae,0.014601885051548365
ck_ab33fb754c818ae3,0.26610948396113193
ck_ab3426435b0017d6,0.025034728508783546
ck_ab3de3d3e41c2082,0.0036941805602776954
ck_ab4a8d02ec3c0fd7,0.0006414419104201556
ck_ab553954435e8854,0.8980967455024205
ck_ab581082e8f72e3d,0.0044247110504660545
ck_ab640420858ab5c4,0.5922072605037343
ck_ab70961e7c6695b2,0.02774435413621767
ck_ab7cb50407d6b13e,0.08590602180393721
ck_ab80466ef615e85c,0.009373655883741895
ck_ab973888c20c9120,0.030578419441629336
ck_ab9ea095a5c58b4b,0.007092261694629241
ck_ab9f0e08af030060,0.008441543791541217
ck_aba32acb61c1aaca,0.14249692787060605
ck_aba573aa942b1d41,0.003370681815757669
ck_abac514d8167ea58,0.088730713106352
ck_abaf371ec8249c4a,0.3242561123944069
ck_abb056a9deab275a,0.0069348162278513575
ck_abb9d65ff1f95b64,0.08491174510193593
ck_abbd1465fc730d78,0.015527787828411537
ck_abc54ed7111e9ed1,0.002960906382837074
ck_abcbde211b6267f8,0.07787410680788415
ck_abd10fbcbaf2b038,0.006396501377795212
ck_abd3aa292f8edb4d,0.02671598615678453
ck_ac0ea27e692acdc9,0.02560832559982327
ck_ac2f7397801036ef,0.02797997623682435
ck_ac32c6e374782b27,0.10424586542114246
ck_ac449ee0c315edde,0.0006567261358131772
ck_ac55dc6cbcdf8228,0.0036075209206247066
ck_ac68d707006c12a8,0.009644851839342806
ck_ac79c72a8fe3fdef,0.02177453671707155
ck_ac7cdb9b8da7b5dd,0.010261236905312627
ck_ac7fe1c344190c50,0.007777578897873216
ck_ac84b33304362c06,0.025458831455108636
ck_ac9d3d9754104cf0,0.0009523135603852727
ck_aca35dbcb835ad02,0.21542434214616038
ck_acb84dc2351eeb76,0.004284403098829964
ck_acc764b49ef02826,0.4788131730758944
ck_ace21f6daef94f6e,0.006089055848096247
ck_ace3b96c977a7560,0.49620500315737576
ck_ace6b72e5bf3e93b,0.6686847330564526
ck_acee218cbe61df69,0.012836129521866857
ck_acf7d65eaaa4c31c,0.0035914771518714356
ck_ad305286702b1958,0.0002219341134701809
ck_ad3c4be96599554a,0.00266486370066738
ck_ad48826c1c26eb78,0.7646125798676144
ck_ad4a4daa826ac68b,0.018508821635673106
ck_ad54292a0b2f44ef,0.006464590883481588
ck_ad6d48c20a3688a7,0.0003520367650777253
ck_ad7269eaa65c67f9,0.011372734559044213
ck_ad7c256ea10c4a00,0.17422982089304062
ck_ad8cbe6e27e47ede,0.01686154642275605
ck_ad9a18f58589faa7,0.007123743530930675
ck_ad9e2088a33c8c72,0.0002563979820300929
ck_ada46085a78280e4,0.023031907027296794
ck_ada6ede84c111719,0.08393811119824171
ck_adc576690df5b33b,0.017715924264099167
ck_aded05ada490da20,0.012255867936846703
ck_adf84b9df54c3d80,0.012983576920428572
ck_adfb8472d5c3d669,0.014492702388128425
ck_ae0a7be6b0a0ea68,0.014724161645329787
ck_ae1da8ee98e402a4,0.0084133975688925
ck_ae20e28f9854f3ee,0.1166739584341423
ck_ae2ab6be219219aa,0.012207458975752494
ck_ae3a763997f8f385,0.0707541432010353
ck_ae3b47d6e1063704,0.017300346502048886
ck_ae416325fef92c9d,0.9872771958646283
ck_ae668e4564cd2aa1,0.015388216425440908
ck_ae7780327e210522,0.025989208746983503
ck_ae8c9163cf957d7e,0.00754064659666739
ck_ae8e5dc4b725bc25,0.06445150806456058
ck_ae91b4cff57fb3bf,0.004598604385334687
ck_ae96d35465b3b4bd,0.004290400813016067
ck_aebb42afe430e2e9,0.0024388995649059493
ck_aecdc5a96321a2d8,0.0757641307528406
ck_aed2681e1646a0df,0.08217560987918407
ck_aeed557007d52e9c,7.315923544256961e-05
ck_aefa0d8d933e0eca,0.04339759947655371
ck_aefd1ce3ce093cbd,0.0003840927443173385
ck_af02e1817cfa40b5,0.07484232153543124
ck_af0a6540ea7a36b2,0.004648347614940818
ck_af25c72d16299258,0.0016953026167362407
ck_af32a0660090dd68,0.09656796412854023
ck_af39767cf583905b,0.014311173255119559
ck_af3f74b1d75a5d95,0.007747349251111748
ck_af528d66c86f0cb8,0.0097995347777688
ck_af559f990c640e41,0.007708069839021443
ck_af5842fa7202ff25,0.001450056543001929
ck_af65eb885a51048d,0.0007621332844897938
ck_af69bfcf4f07d932,0.005616187343961868
ck_af70aa32c009c3c9,0.03318204317173872
ck_af7ffd1a822460d3,0.5445460682514995
ck_afaf374009d3b248,0.010027876990805928
ck_afb23858a4ef42ed,0.9988413083273021
ck_afc484d1b6907983,0.01792589584010711
ck_affa5aa0bff9bb0c,0.006002922576212517
ck_b003e5b54df65db4,0.028662052952520084
ck_b046067c6ca3831e,0.0011622207279219643
ck_b046a42684468e63,0.039517859214225716
ck_b05c4d33c4f43639,0.07216938157067898
ck_b06ce826e593b210,0.09637489247552698
ck_b080ff636932d1f1,0.0003127808654518732
ck_b08247c3ad567d92,0.4853544541259187
ck_b08afc91d9ca55db,0.12155738683403713
ck_b08b3f089138c901,0.006705903225763061
ck_b0a0fb0ee9ebf106,0.026526397963182475
ck_b0a947b498e47018,0.05790443366205299
ck_b0b5bf9254700402,0.0049041911096904724
ck_b0b9047dddb1ec84,0.33008632234812046
ck_b0d33b5a3716661d,0.0129105805254439
ck_b0ed11080076e381,0.006030928589704896
ck_b0ee3a98175b462d,0.008941820714728986
ck_b0ef193195a2138b,0.0004241961579871283
ck_b0f191e44f9b6f35,0.13512940981280183
ck_b0f8f5408662337b,0.00019005578725879058
ck_b0fa8b84e94d8ae0,0.01435212439339959
ck_b0fe4b92fc70f72c,0.0002629589363454714
ck_b109ec4c63503030,0.0012920643616060174
ck_b1182471d9ac6b26,0.0011817807376994782
ck_b11e22e75d9b99de,0.0009206890899244594
ck_b129261da9c3c3c9,0.00021934048809146858
ck_b138fc249e659e60,0.01476619049720149
ck_b1495ee5c59a6b28,0.01988290117457233
ck_b1496c474c4a3239,0.00219484246011692
ck_b150fe4efb449b05,0.0031390023164442294
ck_b153386f1729de81,0.0010067107475342594
ck_b16a7c51b6f7a6b1,0.08172599604590343
ck_b170a7db522a0d6f,0.007590868680575728
ck_b17c239f160e6017,0.010959421353607883
ck_b1befe967f7a5ebf,0.07340236742817485
ck_b1c51fdafcd80122,0.11462626865998966
ck_b1cbd6679c0f8d95,0.0028308530481352054
ck_b1dba768dbe7affe,0.04896650712522254
ck_b1e81b58b9a545ce,0.12465016919878298
ck_b1ed2278f5f14d82,0.02242244503056896
ck_b1ff9edc51d42f97,0.0005869815557300747
ck_b20b81b88dabe28d,0.0068033261162401045
ck_b21d8630387cabce,0.01557793435257261
ck_b22e3337b8e3dbb2,0.0035323317616693006
ck_b25657bd16739036,0.0043378149979674515
ck_b26cdb2b7b165d2e,0.03804199034256978
ck_b26e4ae47c9107ed,0.29201795482008447
ck_b27a9e39726b26d9,0.00145511974402756
ck_b294aa27a0b586d7,0.0008914630346705341
ck_b2a79dd3df560f14,0.07552203999829782
ck_b2b63ea65edf1dde,0.2563933840122093
ck_b2c896beec146477,0.028896727366417883
ck_b2cb9e6610eca967,0.004445169590930081
ck_b3225a98acd04f83,0.0012658017357728838
ck_b3263e7f31aab45f,0.09229240227135964
ck_b354003302b272ca,0.003178083667207333
ck_b359192aa659bdce,0.019080300005363645
ck_b35d803568f82d9a,0.022320140295231505
ck_b36086ae6d87eec1,0.0032855858878948012
ck_b367449195e36499,0.030944622658655867
ck_b378b8d8100ee4b1,0.021525411226014583
ck_b379c198d6db2d62,0.015308949551034795
ck_b3867f7f494db64c,0.0003747561587447085
ck_b3905153b9eee924,0.014568993927337232
ck_b3ab3c210e2c7c19,0.025900944178662334
ck_b3ce8f1bcedfa043,0.020494520792516308
ck_b3dd1198ac5aea73,0.013231542828047083
ck_b3fb83f0d772a831,0.0042576438701966085
ck_b4068439c413b150,0.010418344200856872
ck_b4331140b2e0d4aa,0.01648670157486091
ck_b4384b6c11766ce7,0.027233782683449437
ck_b43f04431c267dea,0.002289982211497789
ck_b447badc9138987d,0.0009783670807109652
ck_b456f62b80e21557,0.00023746370148849727
ck_b45e47c39d4dc7bf,0.009624649806715489
ck_b4703ee97f94d7fb,0.006294170934806963
ck_b48cd8593533fc1d,0.9185322009598457
ck_b4911c42f3bff740,0.00019519059133415222
ck_b4954d16b9749829,0.12005892602269885
ck_b498fa91a0776ff6,0.04932955697009558
ck_b4a6bb4689cd7cfa,0.03618087683305474
ck_b4ad165ace910222,0.00826237882781482
ck_b4c014d5c0cc9eb2,0.0016133832936987137
ck_b4d2f02d2cd45720,0.42149330965286863
ck_b4d55bc809000276,0.0678800823772223
ck_b4dcebc543deaafb,0.027522784317698737
ck_b51a58e7f032c9a8,0.04996394515624553
ck_b524f7a2e752b9d0,0.0028520882268989883
ck_b52b99dad89ecdfb,0.03702198165979809
ck_b53084ffede19a8e,0.005108453364098742
ck_b53281da70defcfa,0.012414018880580082
ck_b53e88c0e927d896,0.00023226633023906216
ck_b53ea8713d32ca7c,0.09515225027020988
ck_b568ba3837afb39a,0.000415724732915144
ck_b56c62c950eda009,0.0003603838871381415
ck_b5777605668bfca1,0.0012889804654284747
ck_b5935e9722a39819,0.03139745482323487
ck_b5a3e20fd210017d,0.018570417398475356
ck_b5a84c5547378c10,0.0012739466567482213
ck_b5c3075c811a2216,0.019854121199952113
ck_b5c93e6d34f8d366,0.001234855711426165
ck_b5d0d223ef56473f,0.015667023864288084
ck_b5e4c6dbbed1b773,0.0338887634070019
ck_b5e54e22e3d6960a,0.0027112066087169972
ck_b5f9dd00914b4db4,0.02062994184913669
ck_b60de9e97aad9e45,0.9469892654054649
ck_b60fb9a10d6f4489,0.06808040311895722
ck_b616b6f45225f319,0.059478485970315687
ck_b621b6ffcc7f4848,0.004313228709224451
ck_b62276c3426d680c,0.04706929159390216
ck_b62f3e3185251f71,0.0003702142574786213
ck_b62f5144db15ad34,0.49625178386494184
ck_b64c87d5e3b10e6a,0.9551418300437642
ck_b6527a85fd682554,0.013006577156898447
ck_b657ae3c146cb7bd,0.00043760545322939974
ck_b6673bbe61d2680d,0.042771292136667236
ck_b6675a04df1a4276,0.0007510538906516535
ck_b667952253503174,0.005155420299606846
ck_b68199ecccf2350c,6.750763605291374e-05
ck_b694c803b62862b3,0.005523628997091177
ck_b6a2bdb2d335e1d0,0.9983093683357168
ck_b6cb8d6ae828eed1,0.044115133431100594
ck_b6e3af0a5119d9a0,0.45900340587699157
ck_b6f2a2fd232c141b,0.037363865592241634
ck_b71279e807d0b3a7,0.006325419688303692
ck_b72c7ac4208052ab,0.031168598546110562
ck_b7431d4706461ec6,0.007788794064646248
ck_b74b9ba6d7c9aab7,0.1204453048390276
ck_b75b936aafac56b9,0.0038710318875123453
ck_b76510998b9a2260,0.03623658577746736
ck_b7793edca26fc512,0.007486259522170474
ck_b78d785ca3ef773a,0.0024473799455939573
ck_b7af9b2ee0eebbc6,0.12472899637166361
ck_b7bd3a7f263f4f29,0.12261429247153356
ck_b7c37d410b1646c2,0.048241610946709805
ck_b7da6640fa2f49cf,0.09224265994057203
ck_b7dd681eb3d2ee38,0.005134723421278981
ck_b7df99aecef385e6,0.17815331963768652
ck_b7e25ddd41514d4c,0.0026593301943243996
ck_b7e7f7d0cd886412,0.13254932206650022
ck_b7f4baa2cc82fe61,0.0011723221773215081
ck_b7f5acf5df1bb13e,0.0014685267792101156
ck_b7f5d10b427346ad,0.0044272036997993576
ck_b804e784cde9af8b,0.000536531630115222
ck_b8266dcd90cbfa62,0.002968153435910148
ck_b837c7dac2a9b931,0.06504191953126442
ck_b8465b1a5666155b,0.03872822117370981
ck_b864f64101149c35,0.5763311086400154
ck_b87e88ee5512ea17,0.003671895291791561
ck_b87ef4b98cfcec4c,0.06446965196173515
ck_b898d912d1181ef9,0.0069268979081181245
ck_b89c6fa2ad0a12f5,0.03623944535765537
ck_b89cb90a420c9075,0.012563370454131735
ck_b8c7771de9b57705,0.004964462007556288
ck_b8cc2df5192bc49b,0.023399610676550702
ck_b8cdd6d6dccc4554,0.0015013694359233077
ck_b8d210e741be186e,0.009374979868679122
ck_b8e5244e650aa81b,0.08123259472433154
ck_b8e8dba20676d87b,0.04459779634299801
ck_b8fd61a8e82bce32,0.9953976263429044
ck_b911a09f328dfd4b,0.0017287723399412
ck_b921af37d500e139,0.0733260146679048
ck_b92b11d205af91eb,0.002077749868704492
ck_b9485218cef413f0,0.006423012382543349
ck_b95fbf2b5640aa82,0.015406421337645313
ck_b98e9c3ec6e7d1e7,0.00122698298742079
ck_b9c6b32f6bd92a3c,0.002909397136907491
ck_b9e5b318ee4de68d,0.005991828574809417
ck_b9eaf03453ac7d5f,0.004513423563833236
ck_b9f1465d803e57b2,0.35699406047260385
ck_b9f6040eebd1605f,0.16395894586839296
ck_b9facd2210daca5c,0.2455148657351002
ck_ba175b1bd8efaabf,0.0008108080604814818
ck_ba1f6dd43fc8a0b1,0.008642209238242078
ck_ba3a6be026c87079,0.001794957822749156
ck_ba4a6b9aa63964ef,0.02217904838124686
ck_ba54e0a1c328119b,0.8877928712069797
ck_ba576d6d4cb6130b,0.22345582230906852
ck_ba666a425930615a,0.0005841687092144818
ck_ba68841ca2ba073d,0.0368117400764359
ck_ba6e1115fceaa067,0.11867136405228253
ck_ba7b78d31d74c794,0.03662798408796985
ck_ba7e347251ea399b,0.02406676942712326
ck_ba845332b730b596,0.0012058257433261762
ck_ba88a244d5f7380f,0.00293071212751032
ck_ba8affe4b9505a95,0.9235531969209686
ck_ba93cb604f792915,0.03500107981351212
ck_baa47383ffd50f04,0.0063505081652387016
ck_bab5759b07fe2bea,0.0019351019023425464
ck_baba5d66def0d770,0.5924027351571017
ck_babb95a76c69509d,0.013237670370741124
ck_bac5233623b25ca4,0.026863063025210406
ck_bac6dadf428eaea9,0.05982686056071414
ck_bae8dae7cfd8baba,0.0016259576000433973
ck_baf43bf1bd963f9f,0.045868410416234975
ck_bafe82c870356706,0.9973102864866201
ck_bb0713a2a1d65982,0.024045939120182474
ck_bb113e3e6716ed65,0.02101505204884772
ck_bb1a981306b750ac,0.3732492738375458
ck_bb303568b6915205,0.17597169390500095
ck_bb399ed6bf28c230,0.09471507504253385
ck_bb41a66e3d90263b,0.6867943588774303
ck_bb4aec09d4968dda,0.13511256728785248
ck_bb4c6b713eb0b978,0.012971035752227997
ck_bb643194d1cbc47c,0.9978080323490423
ck_bb6cf7e7b707731d,0.8813910613240731
ck_bb76609b79e0bc9f,0.001456518035492551
ck_bb84b2b30293f566,0.8302484297261478
ck_bb99071e8f58c8a4,0.9387632547517778
ck_bba0ccc6cd968680,0.0332125302939329
ck_bba413492dc46f2a,0.041491358804136
ck_bbe1a2ea5a403ad8,0.7054947854306871
ck_bc04f51c23290bcc,0.011329354940155105
ck_bc19c383560c7477,0.14754786117938712
ck_bc273f3ce79f7e1a,0.005152069829872642
ck_bc2e771a1d8d2dee,0.26033996089761735
ck_bc32655ee5ed643e,0.015209009318090558
ck_bc61c59970f8de49,0.0561287374272286
ck_bc6f07b06aaa4ce3,0.43460069328309603
ck_bc736114a31088a7,0.0536646528854011
ck_bc7710f7e9fae649,0.002833353465142629
ck_bc7ece8787ca7200,0.036648627632565975
ck_bc82fb1895fddde5,0.003621197395497482
ck_bc89644ae3688995,0.002449111005364997
ck_bc8f31f4a2ffa1ae,0.0012559971370028327
ck_bc996c523944644b,0.042535005305076104
ck_bcbd8588a13f5eef,0.0004656791821882551
ck_bcc8519fe8521038,0.18483840794067455
ck_bcc9cbc9ed8b7c31,0.03885167651224214
ck_bccbf9fef367f00f,0.003672498184096598
ck_bccff46fb0868454,0.3337767163318824
ck_bcdbf57d98dc0d27,0.10813069303464727
ck_bce253d2396681a1,0.04365492717153565
ck_bce5b7fecfb6264d,0.8870051969456215
ck_bcfb7ffb7cd428bd,0.0831078286707788
ck_bd1bf9e3e29de281,0.12668176615702548
ck_bd20be9a3392d79b,0.0037617969328870376
ck_bd21164bd2bbb635,0.07809676707661647
ck_bd23cf9bba1dd33f,0.11280923286605883
ck_bd2545c62f258231,0.08745591699296942
ck_bd25ea782e375b22,0.08349094258387703
ck_bd26d2bef14a8597,0.001509285507172331
ck_bd2cdd53fca26171,0.0020124279299948305
ck_bd30853e9a57b544,0.024425950135620347
ck_bd32dd3b2cbb7888,0.9992492954645671
ck_bd771efb4a7e15d0,0.0012898579421718084
ck_bd80546b4807dd59,0.05775938041932222
ck_bd85f30c36f5998d,0.16669465967187322
ck_bd86132499defcd0,0.012111968569201265
ck_bda299466bb2136e,0.01940431811051835
ck_bda4041a3e90d860,0.019023074271557503
ck_bdb966f43ac350ee,0.04190641298095866
ck_bdbb4230c91e1604,0.03134385303649622
ck_bdcf049c1e7d0c95,0.005346852873400406
ck_bdd2da300b530c5a,0.01724023113330522
ck_bdd8eba728800e29,0.07098728031275424
ck_bdee1221b9addff8,0.008200843872255639
ck_bdee7c86f5ebe81f,0.011198720925807976
ck_bdf837d761a7cec2,0.4195018388444201
ck_be05447853d423a9,0.0004372067424249102
ck_be2251640f27a3c9,0.22764137517970945
ck_be48f583f79427f7,0.024026019343064076
ck_be51f4e5e6b85768,0.18125999595955344
ck_be52a7ec43241ba4,0.3610625035843813
ck_be5bd81e3715cb8f,0.8797320933017087
ck_be5df076b8a86409,0.004112802858708699
ck_be86a1db08dea456,0.06554285152072307
ck_be9c46acd216b45d,0.054821169506184986
ck_bea2cf7a6b7bb900,0.007157361954004379
ck_bea56db7f3e930e8,0.0031924830584381804
ck_beaacb4a783db21f,0.005636072382449127
ck_beb97e498e6cf8e8,0.042488512223858924
ck_bebea2cf3063fb24,0.09666730809864799
ck_bec8324a3587ef04,0.01368398141734323
ck_becb6e1c608e0078,0.004164389170956469
ck_bed0c020b10afa3b,0.01231872112997497
ck_bed3e3db135b782e,0.024890120160896013
ck_bed50fc64fbbf8ec,0.008698669130705826
ck_bed8a480e27e911e,0.01750125736038852
ck_bef3193f124fca5c,0.23935056666948715
ck_bf15a1f8d67a30d3,0.020836516113562766
ck_bf2228a052815840,0.047770363756770996
ck_bf285dd49f372de4,0.015385452350799278
ck_bf378ea558a4125f,0.6408355284543342
ck_bf47375e41ca3bc0,0.0019462039826256775
ck_bf4e7d48770a4a8b,0.1285950389335631
ck_bf6fb7e6470e95cb,0.00011519530283950938
ck_bfa17a0b1760e616,0.0009786809338953486
ck_bfa7ba218b988cde,0.21082091684739593
ck_bfb067986660afe3,0.12364305623832147
ck_bfc2a57d8fd1610c,0.7771703587703658
ck_bfc453eabb472f91,0.016466805013430723
ck_bfc82b3c1c9f2897,0.9959076506723195
ck_bfd9bfc5b6ab4a54,0.2642743193644338
ck_bfdd232a7c5f2660,0.03582764288059867
ck_bfecad7586f65e4d,0.021824106325936593
ck_bff090cb4ab76b9f,0.04411531697000097
ck_c0032232c2868328,0.004260066730135223
ck_c009c97d5fafbced,0.2621156862344543
ck_c00e70606904539a,0.002895139622488514
ck_c0133f60d39b2fb5,0.05011608438637001
ck_c01c85bd631d4054,0.0006968850035682682
ck_c021495606b4735e,0.009516264507620118
ck_c0389ebeb0e65cb8,0.00067151910541908
ck_c0422e638a9c6046,0.0403931833545017
ck_c05737ab74cf03c6,0.1958316117672435
ck_c081e1967dcd811f,0.006929290599579404
ck_c08e64d424e56c05,0.060735353632755854
ck_c08f622bcd6de6e7,0.025287748068303646
ck_c09c914e416edd08,0.09984763140565714
ck_c0b50c11e4f5adf7,0.04977167305785765
ck_c0b5cc3e8ad2ff44,0.010447054500069915
ck_c0b744eb9e7d4eb7,0.012643922788133609
ck_c0b8067c144ed6c1,0.013787749640749749
ck_c0c4be3f44311b04,0.0023193790791248667
ck_c0ce85fb4109567d,0.048637296196953644
ck_c0cf50eef030b401,0.001967485271765829
ck_c0d2c56f9c722e99,0.9974958205235471
ck_c0dde2a6ef1e08c5,0.0005441250582756923
ck_c0e8560ccfd9dd9d,0.0010718241678264182
ck_c10c8bcf5bcd516e,0.16044263881475257
ck_c10e54c9db29e6ef,0.998491689073518
ck_c12805fa5d970a83,0.15177857120662194
ck_c1295d97cdf35ec2,0.0011933382542768027
ck_c1466b52c0a10b93,0.019952759970241322
ck_c16ab1e4dafb4910,0.3498284144243604
ck_c18245be844680f3,0.005988773629391415
ck_c183dff3781746cb,0.10542992202004656
ck_c189b551bd111332,0.0014074313810535867
ck_c190c7b924edba75,0.0780264311211196
ck_c19371047a2d011d,0.005177868687713068
ck_c1a31690c8573226,0.013961433073873946
ck_c1ab40638f04cb02,0.008652389366120462
ck_c1aebbeca6ab5ff9,0.005482529972499081
ck_c1b493527224a27a,0.00048484162436578646
ck_c1c2cb49c3c1b0f5,0.16096761530966852
ck_c1c5ea839c58958a,0.046950624710419636
ck_c1c7d4e62c9fcded,0.5204247352617057
ck_c1c9d3842d758420,0.5805889626024326
ck_c1d05ef0ec6e4be7,0.0031191874975808978
ck_c1d1a625b885a975,0.03311395561319894
ck_c1dd3feb9a0b6471,0.010154269464240412
ck_c1e5182bd99e0e35,0.27795115246007246
ck_c1e7d1021ae58f00,0.00022066933143928826
ck_c1ee56d65a42f59f,0.014526607359354621
ck_c1f4509c8f5dac5c,0.007977337230056482
ck_c2015a1200971fe9,0.019393137739395962
ck_c2017120b3b88a46,0.0009985489646050579
ck_c20638a325ead2e4,0.00309504895839266
ck_c20e89afe575549b,0.006203282156013861
ck_c2466fc40fc9d5ed,0.9982062561384706
ck_c24b47184534cc2c,0.9976707164777432
ck_c24f61925dc158d5,0.47192814079829337
ck_c2504f5a113433ee,0.0017593068286722864
ck_c251898b5d51e3b0,0.05251740225044827
ck_c2608f78f6851d10,0.0328034386619166
ck_c285a51ed6214f52,0.06200494305475835
ck_c2925c50ebacbdba,0.0019128673281138767
ck_c29489366c01fe65,0.9949067769037806
ck_c2a5c54ad8d0d297,0.011245414273210982
ck_c2b4a1d8c0b6c1cd,0.0001769235392172615
ck_c2b61a98d1c8f6dd,0.8514256798517892
ck_c2bd5a722aa637d9,0.0017525934932863696
ck_c2c7d1e45a521857,0.18665541379930345
ck_c2d3ecd7278eba2c,0.00032740233564999377
ck_c2dccbc1b24b137b,0.02150852203483671
ck_c2ed04a9d218410b,0.004801973048803898
ck_c2fc0ac460786d02,0.10771774095492481
ck_c30201ebd003fdc7,0.0018027104239188507
ck_c30c5844512e429f,0.08038890246904801
ck_c33a762d98f9b290,0.0028209772146187907
ck_c340644176ca03e7,0.020755705492401494
ck_c3476080516db25d,0.04531284811795465
ck_c35d444e05799db6,0.005528116477096277
ck_c35e03b0dd0c3454,0.02723808396353075
ck_c363d3b050baf3b8,0.121880869537748
ck_c36ed9f8e6792ea4,0.04176728765233208
ck_c3719a30414bbb4d,0.003824797086815754
ck_c375e929becde422,0.008188984228851871
ck_c37f03995f0f0169,0.00046340961425380626
ck_c383aeabd53e9c89,0.009901103072410536
ck_c39a9e75760e3201,0.007593215875535875
ck_c39c6a1453e2b92c,3.3536135515835504e-05
ck_c3ba7534cefc1de8,0.017010916151571437
ck_c3c19d6a0720915c,0.0012718752504699766
ck_c3c69aefe7ea1d2f,0.03904804969427633
ck_c3d7d3d12a1981a3,0.0076999215224534175
ck_c3db1b3ad4f16679,0.014525028960881998
ck_c3e37a4d3382c32e,0.002444579575587263
ck_c3f360c2d0ea0a37,0.05728310527200821
ck_c3fe0c6c5e1f40f6,0.0022612841768147023
ck_c3ff6790cc6d7e34,0.004674759815025682
ck_c401a26725b17177,0.0006731019413022713
ck_c40ffefe4e30b001,0.06674293316532587
ck_c416357d20238a4e,0.005887292116157157
ck_c417d06f3e94685d,0.027102825316944825
ck_c422ba389ff00781,0.00037659091045918455
ck_c423aa6de3ed1e01,0.0010058065161980408
ck_c43b4175fc9ac5bd,0.945913350104607
ck_c4402ea6291df271,0.013240691756009386
ck_c4524993ec31dbe5,0.005940422592300579
ck_c457e9c9224b773d,0.004552021045617702
ck_c478aae3031bb328,0.011452639995558478
ck_c47e32c47f0e6578,0.7024820839824073
ck_c484c5bda389bf20,0.0002601021095655748
ck_c49832eabdac5bb7,0.001032382219240604
ck_c49b685d2b3ab89a,0.005053209685997324
ck_c49f25dfb39909cf,0.11793867930780542
ck_c4a72c09f2fdacc4,0.009784342958699427
ck_c4bcc7cefd40f8e2,0.0014550504609990823
ck_c4ca1434f3778f1d,0.9964196643354531
ck_c4cca8278bdad9b9,0.0005121105190679477
ck_c4de808ae69c771f,0.0012470344697525057
ck_c4f4f28457be8a74,0.0003392158440719829
ck_c50fed2a7c9198c0,0.0054319235086222285
ck_c51131e53baa59c7,0.0002974471455534038
ck_c530235393360e3b,0.05166270626662587
ck_c5414d7a8031d4f5,0.0064408043912803515
ck_c543d82e22b3c8a5,0.006128080489481832
ck_c54643d94d3ce355,0.09392210632388237
ck_c54c5d8e4433b0f2,0.006185164430124461
ck_c5517923458106ae,0.006743344138931867
ck_c55afc68421d85e2,0.00539566739843817
ck_c56a44fe315c0389,0.003509796292196768
ck_c58bafff7b1955cc,0.041746542622839035
ck_c58d9151834f5bad,0.007386818687239611
ck_c5b0f0d4f1655a20,0.02076316028670151
ck_c5b583490198672d,0.008816379736338571
ck_c5d62b2b7a6f3bac,0.995305386247065
ck_c5e4a17d3efb19a4,0.3591624359507743
ck_c5ece5ffb8800ad4,0.004339780935249776
ck_c5eefc0697451de9,0.06198323436144236
ck_c5f8ab515840a0fe,0.02522046111444505
ck_c6200734c7f9b2f9,0.9812224690150934
ck_c624b9063400fa3a,0.05402833711530977
ck_c646cdead6fb79d0,0.013252076351331216
ck_c67f7944896a0310,0.13571615458396183
ck_c69ef0f3e7d6acf9,0.0698391831250035
ck_c6a7bbd0adc4d5f3,0.11745026257345546
ck_c6abd5d57b1009d2,0.011127270721217601
ck_c6afa913168ce8fa,0.010284310767715051
ck_c6b6ebe145a8ffab,0.0010571955196914064
ck_c6bf67470f526771,0.05618341431838145
ck_c6cb651149dc9a8a,0.001293846170194514
ck_c6d2e11a368184e6,0.0012588575760044186
ck_c6fbdc5ba68a8466,0.01123490366142505
ck_c6fdb2972417c9bd,0.02213045176497387
ck_c6fff412f531db0f,0.0041582860764299324
ck_c729d19053387be9,0.16279886300421959
ck_c72a7d0d03cf3e17,0.6340121660331834
ck_c735b643d3cbf67b,0.014502249657122454
ck_c7550723b90e5615,0.006558596356472993
ck_c767fc454fa215d0,0.0005088748583872912
ck_c76f1bf40f3b787b,0.00010943053381051517
ck_c77e22834ef97005,0.7699666027133328
ck_c78b2638fadd91ab,0.033442616778011774
ck_c78c096ca8cb33ac,0.001300391611622713
ck_c7a9c7b2eef46a99,0.003204923454370298
ck_c7ae1d4b3ab38185,0.004304422502283916
ck_c7b17f7b24bef5d7,0.08269570748975401
ck_c7baebe4549fdbb4,0.04791575081498527
ck_c7d444d90fa86d7c,0.9578258105986729
ck_c7dd84401e29a7fc,0.0015466321258298498
ck_c7e07ebfb0bc15f6,0.07089512730498831
ck_c7e129058beb3ac1,0.06792293120140606
ck_c7f6f45710bc050f,0.0015370066665943908
ck_c8001bdb9aafc8a6,0.013106135554221321
ck_c802cf8f61466027,0.009643981222942296
ck_c80a94d4660041fe,0.043479144268307165
ck_c8131ddc7ed33448,0.012561887582916107
ck_c817259019588d30,0.03448441833102658
ck_c8198cb4c461304f,0.14003240464251987
ck_c82364d87875a1a1,0.03786761644213401
ck_c82897ebffb6ae66,0.0007619633399923874
ck_c8307fecafa90140,0.004177858970607692
ck_c830f3830875b47a,0.15408526599424985
ck_c8413898f5f7cb7d,0.06029369112790404
ck_c84ef83489badbfd,0.07893697010498546
ck_c86520a00e50a926,0.13182104318938143
ck_c8791f7ebd4d93c7,0.00616132609140524
ck_c8806749e263f70b,0.000159169727078778
ck_c881f26c9bf9ae42,0.8275938942401628
ck_c886adec7bac250a,0.07178136636121858
ck_c88fc1bac79fa6d3,0.24417020889407237
ck_c89b9ca398402f1e,0.0028868600897035547
ck_c8a03c516ed5b05c,0.033319825992095
ck_c8ad3f01319c065e,0.017554967427075015
ck_c8ad86806b9a2369,0.08279012115217191
ck_c8affb27ba7fb5db,0.14371559813059245
ck_c8b2e2cb349dd0ff,0.02000984265998259
ck_c8b7f241810b45e5,0.0014895242406979072
ck_c8c1bf16d9113493,0.07649942178963096
ck_c8efa1538b37c359,0.02314874941470623
ck_c8f2a1dd8a6141a4,0.001149178221194367
ck_c91a628236baf91b,0.201137418791156
ck_c91b7fccf6aeb4a5,0.13223750010300725
ck_c920901b9a4ba993,0.9855865922659992
ck_c924f36bc1bbbaa3,0.008624535985374155
ck_c93def7392f0aff5,0.46811820170210283
ck_c9490cb61aff5112,0.022788125105157517
ck_c95c786d2f8b8edc,0.0028438013456852907
ck_c965fd6bec0f0ecd,0.07066647933227863
ck_c9690baddfc4177e,0.0004773278394415606
ck_c96ae2c28086a059,0.1507770193076858
ck_c972b0e781efed3b,0.020520571148377572
ck_c98b16f9a72a6568,0.0009789016201579158
ck_c9c99e5b19aeced8,0.0005466415149427918
ck_c9d72140b0389216,0.07675707806215452
ck_c9dcd92b2f836b61,0.31721294311807197
ck_c9e1e3229baae708,0.05139365707062093
ck_c9eb4df91ff07f2c,0.23417083343761635
ck_c9eeab826781dc91,0.006767611547185421
ck_c9f9fddef39bc664,0.041803263734993774
ck_ca0cc8ea9f344408,0.004290908944715445
ck_ca10102961f99eb4,0.0016788620965425564
ck_ca149244b54ef3ad,0.0005740464581275387
ck_ca1f6f01868e978f,0.0724969294080759
ck_ca24bb0de508efb0,0.008033040133365928
ck_ca4465f2b5c1a52e,0.9972193915793419
ck_ca491debd3b32a59,0.06722152375969025
ck_ca54b32fca7e94cd,0.003782153833178362
ck_ca5b1057f8248f73,0.02338184141401876
ck_ca60d61cd4dc3bea,0.002138866492747182
ck_ca68dec0c7df5a12,0.008136793928240767
ck_ca7b993e8286af7f,0.005884113052241451
ck_ca9d86f65cfdf018,0.0052759391252270235
ck_caa348f0e65db062,0.9979341695048699
ck_cacc2ca410cbe80b,0.009184121859465752
ck_cb1bd7635968ed8c,0.4840378751382778
ck_cb1c00c300af3f9e,0.030262231492235888
ck_cb3a40594da6a2ee,0.11585140529141236
ck_cb42e3be6fe87f60,0.016072335254593825
ck_cb61902798ecc4fd,0.2858022312168386
ck_cb83b9f806e90dc6,0.6900998996296069
ck_cb8551453a7bb929,0.01010077769748575
ck_cb856e75c949b0cc,0.00021395580393043993
ck_cb88ef3dc1f42225,0.0011604049727329114
ck_cba4162ef29a6d27,0.03104863467537454
ck_cbaf8a954281d4e3,0.9966699024334126
ck_cbe525da0b69f18a,0.07222867841285065
ck_cbe716f351d660d4,0.006116987133875906
ck_cbeca201dbade3e5,0.02258442503946172
ck_cc1c0b93d05b7d20,0.14678292831086204
ck_cc276f71ab6c08fd,0.13290423262267279
ck_cc3318839c4b0745,0.005971091118731826
ck_cc447fcc24a0772b,0.8359580493286046
ck_cc5a35175d381d5a,0.015742858285324235
ck_cc6d33890d47a6cf,0.028804783587708507
ck_cc81dbc83a8879fd,0.008773839055794737
ck_cc90e219f1ebf390,0.00019214157531579886
ck_cc91bd7152d3e9ba,0.005510644652552447
ck_ccb3767c239018c1,0.004791036178327482
ck_ccb4dd9d0a48a76e,0.002979997399168616
ck_ccb72a33cc1877b7,0.03588747763221572
ck_ccbdfe744acff8bb,0.005674391255303662
ck_ccc7916b56d42195,0.0042654823908735
ck_ccc83cf66365357b,0.05541083788111909
ck_ccc917533d4b73d4,0.029990018143842993
ck_ccccb17d2ca6ce94,0.2889301479673501
ck_cce8b6657a538fe0,0.05291953794479122
ck_ccfc9ab888ba933d,0.04635134392999352
ck_cd09375e6c81d2c4,0.01892754940815989
ck_cd0e76f0e7bb38cc,0.032365364372083656
ck_cd1dc68e441222b1,0.9919077919995074
ck_cd32e58e8a1c0e85,0.02239337427748392
ck_cd4c63155570d6ea,0.004202503807161476
ck_cd553ba6589d8bfd,0.039423291799656646
ck_cd655202db489010,0.006829646572472194
ck_cd691e3466fb3742,0.019122630744730612
ck_cd6fbd4e8724f994,0.06872228283145511
ck_cd78f0832a09bd8f,0.8625164806340048
ck_cd7d24e3b095e96e,0.0785071131803373
ck_cd7dcc884e283746,0.06650293182876336
ck_cd92852d7376a4a8,0.011792184429042438
ck_cda72f597330d0f3,0.0015980871913319897
ck_cdabe60ab59f9d5a,0.0014761002359771902
ck_cdb8061d8d1a6c5f,0.03466727155218679
ck_cdc55623cb16e6a9,0.039672912272428314
ck_cdcf6671b37c9c92,0.06095471490508181
ck_cdd2ebeec75bfa69,0.3253044578993288
ck_cdd7c77823c2257f,0.35089738446614877
ck_ce0166addb93bbad,0.0001621358654936399
ck_ce0ec41f96951048,0.0474522293751293
ck_ce1500a7f0d03fba,0.018535322633166006
ck_ce1b06623e4a815e,0.002283067426301382
ck_ce1e695884511479,0.07497149022725479
ck_ce36b0c287bd198e,0.0688573690564952
ck_ce5ed372b1a2ed6b,0.06169260887822512
ck_ce66831f6611014c,0.010258660537864788
ck_ce81ff9b8b35562f,0.024903932217779718
ck_ce927322ef8f651c,0.07110812286858087
ck_ceb017baa26e98c8,0.10585258389736857
ck_cebb8aa8c8f62c60,0.015356212542599095
ck_ced6b6dcdc7c201a,0.00422544921320101
ck_ced9163ea85589ea,0.11117570847777421
ck_cee4e4e1b62bf82f,0.14094103233358232
ck_cee56be5a502fbd1,0.5488398548282581
ck_cee8d42475a0f020,0.0006377622548555917
ck_cef2a485a77e0723,0.0013464009414438755
ck_cf2ca4f286e289ba,0.20850999435456896
ck_cf301f2194975866,0.007891048559420733
ck_cf36d8b070ded782,0.028477833270602555
ck_cf49b6544aff6c50,0.6150694945427777
ck_cf52e46fa54e4540,0.00011415524309629827
ck_cf59f4fc0ea690b2,0.000572576061852597
ck_cf606fd6ebfdf9bc,0.0016570546220376718
ck_cf6aa24b92c4d33c,0.822174034624308
ck_cf78169633a1600f,0.003887117812069177
ck_cf7a022178165e56,0.004970537598776028
ck_cf8ecabbc61d3e11,0.007898028341139073
ck_cf920313f6dd28fa,0.02070344391100537
ck_cfadd21458230ef7,0.0023072387969307307
ck_cfb06f07394dfe64,0.0004676053082884397
ck_cfb11a0a2325bff5,0.0009121694266284152
ck_cfc2384f22954830,0.0779979212406445
ck_cff18e2d8c520272,0.007792260705069756
ck_d00e09e66ed6458b,0.32997885049028003
ck_d021fd497ea35fb2,0.12101321732047506
ck_d064428b7e7dc409,0.003226563354476025
ck_d07485ba10514a2d,0.5073090468615244
ck_d07bfb16a4a7dac0,0.955061253707423
ck_d07c5b0321c685ea,0.19201977714154816
ck_d08e00c842b75176,0.0032830300541202015
ck_d0935b571a4a3868,0.006597736580258723
ck_d0982b4e0e118e4d,0.014513228669885478
ck_d099fca88691f66f,0.10801161464283673
ck_d0b32e039abb8200,0.0015319480561286744
ck_d0c9633fed57c344,0.027391086219037363
ck_d0dc156441fcfdcb,0.046194976687470066
ck_d0e95b90ba86da10,0.005177700953215818
ck_d0f470f8078c91df,0.110458664294243
ck_d111c98b36bdb791,0.00024260517697484291
ck_d1157eade2ac3975,0.05848520529473533
ck_d115ac6b9fd62a7e,0.0092184416878095
ck_d116e0e7c19b878e,0.7836995729485945
ck_d11d27de7bf0b973,0.41374146161967135
ck_d12d2924d0f7a64a,0.00509581418884408
ck_d17653a4a2d4a79e,0.037370072084843914
ck_d19bf4dc0627113d,0.0002659449352954587
ck_d1a1cf4cf61d6801,0.13437497401054993
ck_d1b0699d26282871,0.041462143367586864
ck_d1b9e5d32d2d789f,0.0067739810635553425
ck_d1bb8890081e0a31,0.04533147473906857
ck_d1bbfd246c0ac9d5,0.09416062793015961
ck_d1c787c27d50af49,0.035492352343501885
ck_d1d079913aa158bf,0.0026411761598282317
ck_d1e3de178601d3c2,0.01630780566366
ck_d1ea4bcc407c7d5e,0.0028082708496835113
ck_d1ed88ea4211ba4d,0.0009104087704885671
ck_d208494cf5c90047,0.08365067114663911
ck_d20d4ba60eec9945,0.013130873818160175
ck_d21612d48bb4f7b8,0.031579666625785895
ck_d21b38231a8a9f4a,0.11934364274940802
ck_d229cf7f5a3f38ca,0.004706735922290745
ck_d229dfa0e4442628,0.0026473501870095183
ck_d23f9a50d1135ce1,0.07163212633089822
ck_d251e9fa09e542dd,0.9997861667704022
ck_d263b55f0a681cce,0.0692998684657792
ck_d27a73596b6500c2,0.02965676031837165
ck_d27b872648b71202,0.0006000338369120248
ck_d28806a2179092eb,0.9998568582541981
ck_d288b77d1e227970,0.07559979615411455
ck_d2b3ce1ebabe9f93,0.02424574990557728
ck_d2ca47180a926ba2,0.045549431399133485
ck_d2d4282f9d256b3e,0.0044456311588886455
ck_d2d4a8f4a9f2c33f,0.005680067518178062
ck_d2fbd0df99634676,0.014793950546685817
ck_d305b4d82f63f647,0.004229448020650601
ck_d3137f0f7629040b,0.002966487187413706
ck_d321249fb065d2fa,0.03215084564116259
ck_d328db1e1052d820,0.016653043600054034
ck_d32fbbfe32c00416,0.007736388355544077
ck_d35c51e981b98c5c,0.010090821472472464
ck_d35e3aa9ef5d405e,0.5203981744378472
ck_d36733da917115a6,0.039261670210326546
ck_d3796aebda1cfed5,0.9349864889920863
ck_d37d56e931105db0,0.0046884677679308664
ck_d3877e1f907cc148,0.12227534071746388
ck_d3885e286b3b11d2,0.06352165264044851
ck_d38f941d09eec820,0.002070251499891235
ck_d39864119cdd460f,0.049663879743408586
ck_d39b0152116203be,0.0060247331618371504
ck_d3a2a4c011fa2554,0.0038164621384935747
ck_d3a8333cb389f4c6,0.019111528069981325
ck_d3b2b250da61db19,0.9773104299726952
ck_d3cfb3603f2c6ca3,0.15180251898842995
ck_d3d5b2717cfc3913,0.5392718796542376
ck_d3e208671cf37f91,0.9915251019918925
ck_d3e2c26b8adff099,0.013533898884728213
ck_d3eab7a06eb48348,0.18449968394313845
ck_d3f44bbe2f7e9b2d,0.03404979726902834
ck_d4007b5b26d9d854,0.001140123605652118
ck_d44dc3839a195c8a,0.22710581183230402
ck_d451d24c780b5884,0.0038016674568815017
ck_d4972a775aadbbc8,0.004690248807524626
ck_d4b23804cebb045d,0.022630737230236977
ck_d4c1da5a1427fd6a,0.08456864577249192
ck_d4c8f0d957c3965d,0.01441042872458152
ck_d4e024fcda401a31,0.011988794845897259
ck_d4e0b2a12fcfc35e,0.0038724811991483975
ck_d4ec44760cbe03f4,0.02203098660861404
ck_d4fd0e438c97e0c7,0.15535541783876022
ck_d4febf0083800424,0.016076410916910002
ck_d5194f2e92fd6427,0.0065407387658968285
ck_d51df5e9fbbbcc94,0.23354960747689626
ck_d523f0e50a2747ad,0.0013207805986449196
ck_d52432ed597f3cc9,0.003475691085626068
ck_d5458ba39ae94498,0.02944628785455799
ck_d546994fc5d3e9d1,0.0013210039153999824
ck_d557b9feb241b3ec,0.0003911773310916268
ck_d55eb81a4d543c59,0.0052582320723394225
ck_d56ee1654378ffc7,0.004048606670901257
ck_d56fc799542299b8,0.0025753395573179776
ck_d58e058b5c553dd5,0.007897048155427307
ck_d598fe8d2c779ab9,0.00844356038927423
ck_d5b8e74e7ca6355a,0.0770701143985827
ck_d5bd8f68da073cd8,0.05697148873587493
ck_d5c14e877ca7b755,0.0028420662644084347
ck_d5d225ce41a1a762,0.03233606653807504
ck_d5eb179dc45394c6,0.04178104524324744
ck_d5ef1f6e34bb35b8,0.13508523016279927
ck_d5ef6dc116dee408,0.028567963061804525
ck_d5f5b0dc97b9dc27,0.05021877125846993
ck_d61c837b0106085a,0.02454289210270492
ck_d61d97b21002f3e9,0.24290828727473943
ck_d637a011332ba67a,0.009336005117326624
ck_d654449f9231ad76,0.0029123642351020895
ck_d66952b03591bdec,0.011400692434334345
ck_d66bb1f063357f99,0.010222831917112565
ck_d66d59981307db93,0.13607601936663832
ck_d66f42a269d5c1ed,0.014189192611093086
ck_d67d9dfb60b286b9,0.0018423090935123195
ck_d6880578428b965e,0.6854130488704079
ck_d68d42858a55adff,0.13759949915151914
ck_d69455220b21dc9b,0.02709512891476554
ck_d69de468b44143ca,0.0033339597669611544
ck_d6a290ff8362c7b9,0.31095523617909704
ck_d6a4faadab58a3de,0.004176436164721938
ck_d6ba7ffd2ae08863,0.013630393083820917
ck_d6d2c1f6dfc455b6,0.14595968370595067
ck_d6df562a79b9d0d9,0.01161733423937067
ck_d6e7e257751c299b,0.0004996117457756312
ck_d6ea026357ec6477,0.12355004956711181
ck_d6f27eacbad310f4,0.0056504811056875175
ck_d6f5c8741697abb3,0.025802804755119143
ck_d6fb9cc5171e3e9b,0.9430471165083989
ck_d6fe761ed0db3270,0.026499744366786267
ck_d72035cb29db3aa4,0.028923853253428708
ck_d730ff21bfd7769d,0.003234922018971088
ck_d74123617f22a21e,0.01579099450279267
ck_d74a62ab3804a81b,0.007472767429156708
ck_d74b2ead8aaa3f73,0.02077634184938294
ck_d75f25184ece2b51,0.001454599964049024
ck_d7607a213b800bfb,0.13846239236222962
ck_d7792b429620fc24,0.003439400974982148
ck_d7877684c7923ec3,0.038802125774453154
ck_d79bdf04d6f31cd5,0.002014356250843951
ck_d7ad9921a4d25926,0.07842901510004945
ck_d7c28eaa05bb7144,0.02398046543754419
ck_d7d50fb57fcb2d0e,0.0008081290872298334
ck_d80283209c963f11,0.0024211560309583256
ck_d8116c34302021d7,0.0002244321578849346
ck_d812eb6930192793,0.0006868484788536958
ck_d813e15ac91f487c,0.6118230040060386
ck_d838491d3d4f5ecf,0.003592884074810409
ck_d839798f9520363e,0.21988867435914722
ck_d840db8cfe2ef6f1,0.0018950387543603497
ck_d841eba8906e9a15,0.0025633535755180013
ck_d84b5403da4cea7b,0.05825218652785148
ck_d86ccf148c06c8c8,0.010779803736732147
ck_d879d645d6e44207,0.005006246141414079
ck_d87ab3261322216a,0.0014550344816136327
ck_d87e26eb5bc84b01,0.007452070819799355
ck_d89abbab3d4957aa,0.010657420260508253
ck_d8ddf5e99f7859e4,0.0370363813385887
ck_d902183f80cc81fa,0.03927768492620185
ck_d90b1d03ae151f62,0.021673715930189026
ck_d9143e236eef177f,0.0022446292543863143
ck_d91ab840848a54fc,0.00022893196648552156
ck_d91d9f8445b9769a,0.7224433635765526
ck_d932f98bf6b83956,0.13470870192851622
ck_d94dfde9e03c9d1a,0.018492500653468198
ck_d9506476ad3f9e08,0.0055969007624322095
ck_d9573100bbff4014,0.6874060819142754
ck_d960af7a55b892b1,0.021413236404967655
ck_d96c893721385e4e,0.002562557089553569
ck_d96eb3cc55f2772f,0.0028485043572266952
ck_d973444855403e2a,0.007891020391916607
ck_d9735647a6b0b0a7,0.8111137133055003
ck_d979ef95ee44023d,0.05928398813632648
ck_d98934f9fe0b02b3,0.001074429591822712
ck_d99a8b4c820eb46b,0.007822442681156682
ck_d9ba2a6c0d926b4d,0.0031831047943377136
ck_d9c2622cb6df380b,0.003285084712277398
ck_d9ea77f4114a389c,0.0005259339306086283
ck_d9f8efa6a7800f76,0.03952599707349776
ck_d9ffca35188e49d8,0.005635712899046759
ck_da06d97db0b18851,0.003892061346645584
ck_da1a2450219dcf19,0.05358822823210385
ck_da1c853b0a061e83,0.024625872940884155
ck_da2729307af06ed5,0.10434701263099587
ck_da3526ab6c5c884a,0.010566937627267651
ck_da39653add0f1109,0.00032200823812609635
ck_da59ab47cb6284ad,0.002914627335851955
ck_da645ea91d66aa6f,0.731055962512141
ck_da6d1e5cf6aba6fd,0.0645260319291825
ck_da84a0dfe947fd3c,0.0033349923560588397
ck_daaa995f3c2f0e47,0.053335963566722745
ck_dab34cf6f0626c9b,0.10954916506981831
ck_dac3852758f4ea89,0.006196136175912733
ck_dac7c50bd6d0148f,0.01281237188047693
ck_dad5cf32ab9f243f,0.003595467054739945
ck_dae09c4e074af5dd,0.0722283675539916
ck_daefe1e2d2bc362d,0.005696339033607348
ck_daf7aea023b7a8f6,0.055392848508185155
ck_db1fa53d588bf99e,0.004225525493612134
ck_db23a0e3e54be60c,0.9402383417245121
ck_db23a5100f338d72,0.03905250387409978
ck_db2c0908150cb2cc,0.12748966469276413
ck_db32c95ce2b6f502,0.9681321675479964
ck_db4083a0d043def8,0.5429443849838017
ck_db6d1c6d31da967a,0.027978233524554065
ck_db8733fd92f20cd7,0.09256458356504355
ck_db906debc36a5d1e,0.07351113617191084
ck_db9b9d5d30f74070,0.058714078620181985
ck_dba767885bd6ad69,0.023000588615988006
ck_dbb498b1a346a402,0.0029571861512856594
ck_dbb4bd4eda97255d,0.007905993835664076
ck_dbc487cb0a6c18da,0.9352301837220741
ck_dbdf8d0708cc6718,0.014561050706191809
ck_dbe58392635133ca,0.027144986820022126
ck_dc16f939c2f44ad8,0.3135437739335666
ck_dc3d8b5c17b67ae9,0.002905086577893288
ck_dc4db8b932df49de,0.11673151137420949
ck_dc569c1167ccec0d,0.9046633187500844
ck_dca0b6ca93311ca2,0.0948766416665589
ck_dca9dc465f759db4,0.011008407299470885
ck_dcbab304b55a42c7,0.02243365969183201
ck_dcbe6814fc4ca0b4,0.09343310536506982
ck_dcc125b178b79566,0.0001612429562119324
ck_dce1fb3acd65562f,0.0005027139334927491
ck_dceabbe04d99afc2,0.00022564955527064985
ck_dcef7887a4f1e435,0.10819030586016201
ck_dcf851e7bb5855d0,0.0015135376137740486
ck_dd0e17605f970319,0.0030747163569998476
ck_dd1c490050cd9051,0.06350681554013504
ck_dd30558576b45e7b,0.005747981368885598
ck_dd34f0a844fb115d,0.34738057601322436
ck_dd3feb77d7d4f6d3,0.01796012203514911
ck_dd78cb6ae2866cc6,0.01352202491309784
ck_dd882323474431d4,0.09167198277901889
ck_dd89a282375bbab6,0.2261362327138106
ck_dd8edfefa1eba531,0.0027810223709125296
ck_dd97429277a2fa00,0.10637698754848288
ck_dd9c5f0c42878e67,0.003355566289152783
ck_ddaf228487858bb8,0.16825662079080458
ck_ddc11fc481eef58d,0.024936833660680655
ck_ddc3fc99eaba2064,0.11493119747542442
ck_ddc7c1f3d45fe6e6,0.02472784403963222
ck_ddc865af1dd5670e,0.010386482189670464
ck_ddcac1ab765ff61a,0.08180995107634306
ck_ddd65711b5651f89,0.0018214788309434942
ck_ddd6625c5eddad70,0.0006731595785518317
ck_dddd14091ce812c2,0.025658062870693502
ck_ddf787359d2b5deb,0.001726271075040719
ck_de056e37c82e8e00,0.00948059655296399
ck_de05f97c3d40dd1b,0.08659656054042124
ck_de13de941bebc7cf,0.000883196489383325
ck_de2924955926d046,0.0209741991495645
ck_de39c1947fb675ee,0.3379758255134923
ck_de436e7b319be1fa,0.9985630287780615
ck_de58ef6f9fe2b546,0.01191649891912264
ck_de5bb7a4d091386d,0.49156874991704586
ck_de5eaa2cdbcb67ff,0.28037422913187104
ck_de7259c3741db179,0.040773757040398616
ck_de8494b13adeffb5,0.004965772603884842
ck_de8af660806b97b5,0.0012738428202315134
ck_deb3ac0606d6f6db,0.0060684308622668826
ck_def344d68f06d749,0.030314657033685084
ck_df0a8f20ab8f14f4,0.05837367317392121
ck_df1585c7d72a96e0,0.0006481271861425734
ck_df1a6edaa3e6b271,0.010269171833515106
ck_df1f2dba802296be,0.9900430427788219
ck_df20cc23b8fb8e22,0.008742080109676788
ck_df39e3b8a9fd0bfd,0.6227326610147385
ck_df4424f6dd85080d,0.14829183188020315
ck_df520a7a6e405889,0.04037599097556805
ck_df5aedb4118020bf,0.9951693502035032
ck_df65967b8b40319c,0.0009214391136842307
ck_df69858b8a8b3165,0.0015639119858046277
ck_df6fe4ec5a233213,0.00628117455810393
ck_df87d6f61a63eb21,0.011807402084021298
ck_df8ad2deb0a4ffed,0.021407211860761003
ck_df935d8bdd44883e,0.012669711658590273
ck_dfa0ac11fcb1dabd,0.004473655828002462
ck_dfaafdaefa5716b6,0.035459019426758664
ck_dfadff70a58a9133,0.0038651388691707416
ck_dfba788f35d4c372,0.009980448693952173
ck_dfbb2056f1ef7d3b,0.01839199540875676
ck_dfc6f5712d8d6678,0.11831334024502113
ck_dfc8f5c141fd7c63,0.0027806132416935496
ck_dfc933493561d84f,0.02471636212246887
ck_dfd3dbd0d97a642b,0.012371813449961402
ck_dfd4e79aaa967b63,0.014603617222412782
ck_dfee9de05e3971cf,0.003183551799666772
ck_dff090f03ca5529e,0.007773973852677284
ck_e00332597cf1eb24,0.18839739528423805
ck_e007aedbf37d6ec7,0.041950114732877235
ck_e00e82a9419ff086,0.03070652276356746
ck_e013d88ea7939616,0.004551950015664761
ck_e0171f91cb3411fe,0.02889060972796391
ck_e0239e6ae30795a7,0.014955743044234845
ck_e02f93f51cc8caf3,0.0012358098238712725
ck_e032068be7b77d15,0.05482076854457811
ck_e0346d5081e640e8,0.08060301304796949
ck_e03a9d8ac94161d5,0.001805694273116649
ck_e03b7d0fa0b28f4b,0.0015803170298145251
ck_e0403d507519b7d2,0.0008171891238445486
ck_e04166b0ce66393a,0.010591430811975597
ck_e0571312f395cd94,0.00802601961680883
ck_e05d44e46c7174e6,0.011970941379370688
ck_e05e91cc180063d4,0.1099238799837156
ck_e066f71f8b296b7a,0.006857940486724376
ck_e06f6fed020ae014,0.0073913323488016824
ck_e077d004cd1d80ae,0.005946093771122885
ck_e07fd57565c94c28,0.24878658077008764
ck_e08e9c8ec5f23d8b,0.038600159429182615
ck_e0983999ca26c19e,0.06701914280998124
ck_e09c97520eb0533c,0.009370794129665247
ck_e0b3158111370118,0.01788169196566134
ck_e0b7e2c0bbe228d9,0.010980723258017754
ck_e0ca2c819658f6b6,0.9993907131747537
ck_e0ccfa0d689339be,0.018683201559977783
ck_e0e90b196bef3c11,0.0037393595364058796
ck_e0e9cfabb979f428,0.012814559178515548
ck_e0f3ea3373dfc4aa,0.05579486783117166
ck_e0f845159b6e6a4a,0.0050403713212912775
ck_e0f9506a6d5f4a1a,0.013043749164820291
ck_e0fb11fc9dcb34e6,0.02544954817772758
ck_e107537a4cb738f4,0.007653150209690636
ck_e10ff5c38bd18470,0.031486699243619305
ck_e1140be6157bacbe,0.00876751308474435
ck_e12a9f7d027e3387,0.005650649610090794
ck_e136e20c1c74fe38,0.004319740487399204
ck_e137400825a1e3e6,0.013950714489188642
ck_e14681aad43e1a72,0.0345641094213558
ck_e14892e424180549,0.0005720027065756606
ck_e15252ebd7553422,0.00023781984296408654
ck_e155cf506b2fb699,0.004959803935487513
ck_e15e3390f5ed45f3,0.02039450472797656
ck_e16528edc694fb33,0.9907173223462115
ck_e1790b3aa2241b10,0.8959577948404934
ck_e18ac29ea62cb435,0.047266625982932735
ck_e1b1e7a7e4a15b3e,0.0030800234895148482
ck_e1d563fab4d6116a,0.010921021265589003
ck_e1d5ad20c737c745,0.33532293283528686
ck_e1ff9e31becc27ae,0.3395688665887933
ck_e21a900556b382ad,0.029185327193769033
ck_e21f9f96f597695b,0.013907014017640329
ck_e2374c7136c964fd,0.07819353611639034
ck_e23e50e02cb3904d,0.16884820141953621
ck_e25f70d0b7229420,0.03594390212152701
ck_e267999226b6321b,0.0008411854692453752
ck_e26a6659c237b650,0.03033739073996047
ck_e291cc60920456d0,0.31009511684217134
ck_e2a1068c2fa22525,0.025439969193310125
ck_e2a2ce9b8cf44c63,0.010109290242351581
ck_e2aa7be60794593d,0.37329424562364266
ck_e2ab04136a442a98,0.015470405511878282
ck_e2c66c72cc0b0f78,0.412579729288496
ck_e2d1f212f259539b,0.015110112094471587
ck_e2f792fae128b18e,0.20190087307216711
ck_e2f88e202b6f700a,0.01582217530774284
ck_e30cb64302939f38,0.08018660657829804
ck_e30db36e376606f7,0.2754453785746255
ck_e30e17db5473c7b2,0.0006524992180276054
ck_e322da8b213eab52,0.004350140533475097
ck_e35a4b4a3cb4cedf,0.012454243712838107
ck_e35b2ed08b9e55a7,0.0271187238603263
ck_e35eb857c61548b2,0.7931195283650094
ck_e36c8da1bd359960,0.15275902933235075
ck_e37196b20968b73c,0.22666433802150918
ck_e37cee7b123692af,0.0294355501557278
ck_e3894ed88a7977e4,0.005449707043555585
ck_e3982142336782df,0.004986750985816057
ck_e3a22799716df39d,0.016195289367488926
ck_e3b3c5a80a567418,0.006037073256801082
ck_e3cb5f31d8e94448,0.9887433113319541
ck_e3d4b6f681c783ab,0.10068551084610623
ck_e3e95546a84d0ed8,0.008158749099805735
ck_e3f1d85fa5d49396,0.009867786680198488
ck_e40a156511345d6a,0.002126873425879841
ck_e42206e91f6a1752,0.0007936037972416941
ck_e424148c6f2223df,0.002113925211186232
ck_e43e53cc7b8b8e41,0.06080732027259034
ck_e4459115cd8e5e4f,0.009165303420484244
ck_e45012f22b7f91d5,0.0013086967502616103
ck_e475a3b8ba870a7e,0.011786285242949992
ck_e48d14d5b70ef5aa,0.0041334948654255495
ck_e49b5e4f2f2e79db,0.8900130693490282
ck_e4ac22046699b99f,0.005917737623916199
ck_e4c0fc52c82065d3,0.0014417949716381711
ck_e4cf189a8d31649a,0.004772059695071191
ck_e4d0a9e1102a58b5,0.0014912038634166895
ck_e4d6dedd97233c07,0.08744877210703478
ck_e4df7faacdfe8c40,0.030917616889821344
ck_e4fd8cbd842b6993,0.006328294632234403
ck_e5018f9418e0102e,0.10302772961125878
ck_e527fbb9450a4581,0.9880977461805474
ck_e52cbcd9aafd26b2,0.0018888619991296069
ck_e535fb0f0c00418d,0.09225510471307621
ck_e541967c681cb929,0.019517697002961992
ck_e556c4d36aadbe03,0.0019129811983403684
ck_e55b7fa67db1ec27,0.00031152316882259974
ck_e55e5bdfc0242aef,0.047217156402873
ck_e55f5ca37f30ce8c,0.01361170219262733
ck_e560f720a988d8a2,0.9914152968152847
ck_e57b94fe57341058,0.06463307928676951
ck_e57c79eaab35ded7,0.03429316378949266
ck_e5c30947b732f661,0.7943215399130847
ck_e5ca550b39ed45bf,0.23133852015634684
ck_e5cdbe3aa12c97f6,0.009419854852855522
ck_e5cdbfcca2456652,0.004397182632219342
ck_e5d1462846154a75,0.017607916494195214
ck_e5e2624b7fc89774,0.0854511404216163
ck_e5e5dc431bed6f9d,0.006203262732968822
ck_e5ece47d0dd10526,0.01576081354212516
ck_e5ee006ecd8ff661,0.15057529479938042
ck_e5f5cb7dd6ce4a37,0.031963817783195986
ck_e5f7b99ba6ec5767,0.04747208581557458
ck_e5f8c8a5824db594,0.0013465786165319383
ck_e61c8721e3ef1921,0.012670936547203656
ck_e6222925762273b8,0.29907024884379046
ck_e62eb708d2688fae,0.009418598477591768
ck_e63256667aa19070,0.0349151407710936
ck_e6465c56b337e6c2,0.025998541444096603
ck_e64f0df63e1be595,0.0452832078158631
ck_e662b14b2bab23a2,0.3445339074461307
ck_e666629e5a41b39b,0.011399833109552292
ck_e66ae4fd586fedea,0.005713168482588663
ck_e679fbf4f4f4aa07,0.0029603106101385767
ck_e69195a3c885053d,0.000976609099882226
ck_e69d27e8965df0be,0.002391053034512084
ck_e6a6caf6e7de17c2,0.01009054187573388
ck_e6b95ff91116a592,0.00261976555333313
ck_e6c584b4b1ad6d9d,0.006505953483484841
ck_e6c8611c0cf233d7,0.0021197824397055595
ck_e6d3ce445b86003f,0.0031773375674418705
ck_e6de67c0d82a7b83,0.02689605053597553
ck_e6e7257377c37b28,0.32236474243797275
ck_e6fecb82fc2a82de,0.010544055247525115
ck_e6ffd0754ac08661,0.0012332457353774176
ck_e70418b00cbbbac9,0.10086527636527692
ck_e72db9d4b2fc9997,0.9940750578522851
ck_e738e920bbd74a7d,0.047263569799796096
ck_e739eaaa7a1822f2,0.05369310527281693
ck_e73caa3771ec5e0f,0.004341242530840792
ck_e74716a525ee5b24,0.0038175918505698216
ck_e7501307c0698e5b,0.03352532792190577
ck_e76257caa98dc25d,0.9972784341141323
ck_e7651fb87bb24132,0.0022118704859637873
ck_e76db7d2562f9836,0.04844390788785658
ck_e77529651c416cf7,0.014000574823624698
ck_e78ab4ff52b5fd2d,0.03980199787735813
ck_e794741742fb2619,0.015928910572427412
ck_e7a3881c3e36bd51,0.4363275941938985
ck_e7a3cfb9bf908e80,0.0669226112965835
ck_e7a530e09d113dd7,0.21056014182322783
ck_e7a6b925c8f39a85,0.22315539656926128
ck_e7b4016909405981,0.00015899887826181135
ck_e7b40b60786c1530,0.0031018049604454715
ck_e7b583acaa3171a2,0.05359821785075586
ck_e7be077aa0b2632c,0.0010302047413056187
ck_e7c212f16d6df272,0.029071989781031128
ck_e7c8a9e4641eb9ed,0.0005810380090226813
ck_e7d903c50d353361,0.11232559629086669
ck_e7dce27edb700f27,0.03783023045102028
ck_e7f61b4a39ba98ac,0.0010029088452995667
ck_e80883208e8d0453,0.015182598623249718
ck_e81fc223bed3c46a,0.23453623770422197
ck_e8298ff2dc1e9d50,0.0014415490989343066
ck_e83409471d2b0b44,0.036536228492461575
ck_e839d104854945f0,0.009636918707595652
ck_e842fb0cf055a83b,0.19757888208400368
ck_e84abfc0c747c9dd,0.9475079077479334
ck_e86ad2fe815b6ed9,0.003712439207749058
ck_e87897767c612942,0.08384979342107687
ck_e886ba71d4a6fd73,0.012977561704086924
ck_e88e86b19cada4aa,0.06050599569963486
ck_e89d25ed7bdeeaea,0.010070703666777196
ck_e8a6acea22b20312,0.7033542092469279
ck_e8b5bfa6838e28d1,0.013101063873988754
ck_e8bc49e6494c1f37,0.0009479510391368792
ck_e8d37262e859d9a1,0.022349752837894473
ck_e8ea56e122a5a487,0.008184353781984491
ck_e901dec0e09eccbb,0.00520282666701522
ck_e9047964952bee70,0.026467384116374844
ck_e914974cee1bccb1,0.019766002127239123
ck_e9287b6d909d731f,0.004444199219532843
ck_e934f984bad2ff91,0.9228090865863012
ck_e949a0f4df0b3902,0.17859974479734997
ck_e95c8cc1864bd584,0.011797432177893653
ck_e963d8525018d072,0.03533756452622058
ck_e967ff05514b697b,0.08458132390478668
ck_e96a5e1f08f8a867,0.02139950985810469
ck_e971faae8a10a260,0.0007650491576092015
ck_e975002c979e12c7,0.28964878519621967
ck_e980d325b8dbb8dd,0.013799765395288618
ck_e98429675b46272b,0.00574550528416841
ck_e988c108754cee9c,0.003503145274875351
ck_e9a2495dea8675e2,0.026740142051705516
ck_e9b0bca7368555ef,0.0008937130185529621
ck_e9b75ed7567a3f23,0.011380548105428814
ck_e9dcf535f8c289eb,0.08799171625985569
ck_e9e3381d5e0e5051,0.004956800490896404
ck_e9e8cacd2fa35e79,0.017992241780091477
ck_e9f228845bf6e28b,0.0052974015409361745
ck_ea1e5b5128ecba2c,0.00033945074725529273
ck_ea269b35406473e8,0.00390708265587102
ck_ea2a83ccb8d57490,0.0008609188961510411
ck_ea4332c8fe48e2a3,0.013758803309736101
ck_ea618f720ff0b4b0,0.02930518070585326
ck_ea623358f704daa7,0.39273728718878625
ck_ea62ebfc1f04b49a,0.00460346506791481
ck_ea819e337233475c,0.75863465354868
ck_ea835557d7043667,0.07823979625827258
ck_ea9edf9c107d429f,0.014584299757731919
ck_ead68310311690c8,0.559108105744733
ck_eaebaf4d28400fb8,0.013157998929499027
ck_eaec5f1a83b66eb0,0.3667361093091825
ck_eaf3b6d11bc3cb11,0.00407377751084579
ck_eaf6f7082c3db2bf,0.17757086766195523
ck_eafe9b89857149b5,0.005505780390859702
ck_eb1006e7285184a6,0.12372065900419009
ck_eb1ddfc353b4da83,0.0009826216037566017
ck_eb224c0fd146253f,0.1499497888955652
ck_eb2323215ff70362,0.047664631595903825
ck_eb264d1b180d4b4c,0.3047153652396231
ck_eb3fb1106f2f1b21,0.3568468806079942
ck_eb48c0bcd12ea654,0.01707952872265074
ck_eb4f4267e24d042c,0.008686049150058562
ck_eb6baff0f85ba936,0.07056588542950556
ck_eb9f0c06ee017ee5,0.01877557473482193
ck_ebbc9418cd41f692,0.00021421706934665258
ck_ebc5a2c6cf88e252,0.09508899123691833
ck_ebcb93a2990fc914,0.1554745637383326
ck_ebd0a45712dcf07a,0.0117775073488908
ck_ebd178b3f3a9c50c,0.02736981734603687
ck_ec01ae5351500355,0.006994041757730278
ck_ec094eb1cbb3efc5,0.001464913145726668
ck_ec1c902b9b9b9c5f,0.2457923924456029
ck_ec26e327cc1848b2,0.009021251775586131
ck_ec2eee6a133e9a6f,0.04639670524543924
ck_ec30b61cbf517db8,0.005333855820693096
ck_ec3715add8bbb6e9,0.00014485690922211002
ck_ec3d12848ced99f2,0.0060970582800865284
ck_ec3eb6dd0967cac5,0.03336764156276659
ck_ec4dd3675a8d28cc,0.0136060089078414
ck_ec4e597f17f473c6,0.0009231871525822477
ck_ec5ea81cf813597c,0.010758071902379611
ck_ec7406cb5cbc8f10,0.001321073588825738
ck_ec8738ec663cd2eb,0.011451620917686032
ck_ec986285fff05b7d,0.0034777224303612184
ck_ec9976cabc63ff92,0.002733227275183929
ck_ecaa6de0aca5e9a0,0.011878459643755177
ck_ecaa6f13304e3dc5,0.0007916202043614345
ck_ecb1e15f0b185ceb,0.046041485990603016
ck_ecc18f40b33be769,0.33651599004724086
ck_eccfd552aa652d3c,0.009359542340830156
ck_ecdd01a391610d99,0.0053389661180409205
ck_ecf006bbc78ee3eb,0.5050620354615404
ck_ecf9794349eb4b3b,0.2045534747465368
ck_ecfb771ed2352085,0.015543292755088069
ck_ed01be7504dc4187,0.030607969819155825
ck_ed0c4a83701ca230,0.032759145823111215
ck_ed0cc1b1c28f9511,0.13675054822665456
ck_ed0e776c0926ce67,0.18583303460342318
ck_ed26d906883bea0a,0.0055885651431990925
ck_ed33f8a937f9c7c8,0.009131479802031479
ck_ed4427962c68918c,0.9963067984696078
ck_ed471e496916ee15,0.004863985040600421
ck_ed8f1200fc049c40,0.9734681838183058
ck_ed9c56fdb9f45ddc,0.6040565014685967
ck_eda55c8fb47593d7,0.013043829430792398
ck_edc9668282e3c8cb,0.03169908891847121
ck_edccb5a93b741744,0.0046299471218086705
ck_edcfa9e1cf29d813,0.004720441343325448
ck_edde1d7d1db24725,0.10152795897529278
ck_ede2e887697ffac0,0.006611583969981411
ck_edf1096809e83ef8,0.0010709107635352684
ck_edf229c17d25dac1,0.359830473325631
ck_edfe8e90e8f4366e,0.000336021622738015
ck_ee13c091bc379188,0.03831073437149135
ck_ee387f9da79e67ea,0.17611629282112484
ck_ee3e7c9d3a9c74b4,0.038267490542692656
ck_ee40498cd97183d3,0.00705762868804442
ck_ee4d9a7449515908,0.0006265420494232139
ck_ee4ff3aeadf912c1,0.015899651251513464
ck_ee52c7bf88f952ab,0.028017058334942085
ck_ee535461b5f05539,0.3353812792234275
ck_ee53ce862bc9c111,0.03333129166438401
ck_ee7a515e87d17d4e,0.019987090487564113
ck_ee949c71f4f702eb,0.9973533808694086
ck_eeb75f8a6439f65e,0.06585971502698043
ck_eeb854318b3a6f0a,0.009695593913182367
ck_eeca179341d56f8a,0.6588254174968976
ck_eed7f1f7548df15b,0.005714104409529452
ck_eee99af3598311b8,0.0984137165997114
ck_eef67f8dea702338,0.046262395045304876
ck_eefcf0ed15897898,0.041724700265001045
ck_ef059997563e3330,0.01984918684588017
ck_ef0d702d7b0ed745,0.00035952639619296015
ck_ef1a1de20d2124cb,0.0899542467334835
ck_ef261fc09be8eb0b,0.00045492903019812896
ck_ef307a6aee38d1fe,0.8923129431000393
ck_ef33c04f4c9e3758,0.05059722757501258
ck_ef346071f0b7654b,0.01301172643677514
ck_ef6f8e048ae1bd4b,0.009695878276509511
ck_ef8a6af43fedd464,0.00268857796930269
ck_efb24be983342f75,0.044014385757856295
ck_efbc79246e32c66a,0.012317731110139323
ck_efbdcd9c181e72ca,0.010514599632802525
ck_efd7b9e22c6317d6,0.010336040714428453
ck_f0093064aa28f4d0,0.009326953110106206
ck_f01af1b0c977cc06,0.0020343759595042275
ck_f01be92dc78a2dc7,0.03400498637659316
ck_f01e94331067edf6,0.010322224730174521
ck_f034adb57391f3d7,0.08126647231882698
ck_f04040a830f92bac,0.032258343946757466
ck_f04062216f95fa00,0.04851562350245541
ck_f0424b3b36bdbef0,0.1544348419747784
ck_f04761b4a937ac3b,0.004084235127429583
ck_f04938570a154de3,0.0033844345288210178
ck_f05f5e4b40afa52f,0.05413127384727324
ck_f067470743d3c7a2,0.015803654643158378
ck_f06d00a4f9c87d80,0.0004671845522580166
ck_f07b09879d697b82,0.0009694492742483506
ck_f07e27d125497b66,0.024600867627607246
ck_f09165d73ee903b1,0.011177658326854365
ck_f0982bbdbd122f91,0.008367392309795258
ck_f09f9d0e0886e0c6,0.029189002523976486
ck_f0bc3bdee6bfbb94,0.10163800884051828
ck_f0c18cb9f951a71e,0.022021408206979586
ck_f0c44ee5e3a42e3d,0.08015832167124126
ck_f0c4aac04076a6dc,0.013772214231528886
ck_f0cbd5383bb07778,0.06386016313435838
ck_f0cf85b67a9b840f,0.08983557240662633
ck_f0d349d68249d5db,0.003929759019814081
ck_f0d6633d0834fff5,0.027699836138642235
ck_f0d806624ef3d359,0.018059786282919075
ck_f11b1565f986f5e3,0.008524530271462341
ck_f11be8ce05382cec,0.035466824944500736
ck_f11f7691af16ad07,0.0010031732037086584
ck_f143641bf3dd0414,0.12472067052843688
ck_f14dce41036486a3,0.9988832942717526
ck_f158d9e5f101bb35,0.01298469517964096
ck_f17ed7e0fd687742,0.42483133987626914
ck_f19030e6e85a6776,0.21006432529320976
ck_f1a9d832b700bda1,0.9857328441967886
ck_f1acf73363925958,0.08339553778285025
ck_f1b80b821a20186d,0.01513897657999255
ck_f1d8a2695a575e56,0.001790359160124096
ck_f1e0a006068aff29,0.011773716720651991
ck_f1e1c8491f16f912,0.003072254744888404
ck_f1ef5cf7f10b16c8,0.01862952111510918
ck_f1f2c3c623553f0d,0.00029503401660179324
ck_f21efd504faa654c,0.016850492211658054
ck_f22aacaf86a65d7e,0.027152513597558908
ck_f234ab47061ba7c0,0.0012730856519566267
ck_f2350bf355dc919e,0.04902395781599235
ck_f253130dc3ca5b3c,0.012038411516301549
ck_f268416945316815,0.01609082135023737
ck_f271e855925e8d6b,0.48166660583002274
ck_f2734417c0db4ee3,0.0016332848984982663
ck_f280d31f54a4710a,0.04749625800593284
ck_f285e5e1912a7c62,0.0021235028625356533
ck_f29471fe7c818d6a,0.01510804142856531
ck_f29dbbfdd2786bd1,0.01098998480237792
ck_f2aa1b677619ab19,0.01263312646102385
ck_f2b0e7a47f442557,0.9511102148749239
ck_f2b8995fe5402759,0.0012313779697652543
ck_f2bdcfb4203ffdee,0.050253174945197154
ck_f2c33d5b65b321db,0.21589775922449603
ck_f2c7a4c50e2ede96,0.05604401642895187
ck_f2c824d3473db24c,0.005415938685443748
ck_f2d3e3d90608596d,0.43054863757981954
ck_f2ddae2eb1cb29b4,0.02016675465785318
ck_f2ecab85d4693b4e,0.00018026683011351276
ck_f2f3cf9cd23b2809,0.08176220534553251
ck_f301f6758e170d66,0.07485308605498012
ck_f3199fbe84a28b9a,0.16540222477016708
ck_f33188c232a03526,0.6687579597195596
ck_f34c93a8173555b1,0.15076581594859356
ck_f34fb7ccf82f41e5,0.007012946151088158
ck_f3996a3c8eea1ea0,0.007578126437984157
ck_f39cfeb277ef6528,0.0018849704267078482
ck_f3ab5dd853d38252,0.046292342109385085
ck_f3bc10e3decefce4,0.0025089152399217396
ck_f3bce4eccfa6d6bb,0.0026807587385234886
ck_f3c16d8f747db046,0.03555847022672724
ck_f3dc0725621b3a35,0.0011978460185157046
ck_f3dcd818db92de7b,0.1384017693834235
ck_f409ff994a210601,0.17926624147142295
ck_f42a43e4c3f34ccd,0.009610173693768353
ck_f437a53fc832ec95,0.8406134976747986
ck_f439f16f8693883f,0.013491229807356977
ck_f4536ba8dd2d551d,0.006247156506314382
ck_f45bad1606fa00a7,0.020508015248852752
ck_f473a03fbcdbc4b0,0.00838012524820892
ck_f48acb73a5d6af07,0.055489837220014056
ck_f4a2bb10afa85743,0.002311606009341717
ck_f4a6a7cadd6e0603,0.06509963352327866
ck_f4a7ac178fd55f0e,0.0023038981744336056
ck_f4de03f44e3a5bd5,0.007354585397462177
ck_f4ec334be5266378,0.04590074199463292
ck_f4ec4a935e51b4db,0.027206759638019426
ck_f4f6f0caaab70040,0.0068014810028218095
ck_f4f83b1403ebea46,0.0277411419598849
ck_f4fe78e249092ab1,0.02931288424582666
ck_f5100511609b92c0,0.0006704728482463552
ck_f5178a658225d8e4,0.0034746682767321947
ck_f517f06551e69507,0.004182210805968295
ck_f51fe59cd445d2cb,0.0066147183719865174
ck_f538ab6aecf2adfd,0.00012933273042197178
ck_f558fe02bb0219b8,0.029207719724959457
ck_f56073911c9f1ab7,0.0014200716008676787
ck_f56200205280bddf,0.07981923251834167
ck_f568772b6cb3febe,0.02696226870598729
ck_f5791fd8fd8fd191,0.025900222424096283
ck_f5882e6f98b8b4cd,0.002387832779656418
ck_f589f1e29301b5fd,0.014529024216094066
ck_f5a32e6160b28379,0.01383947522070187
ck_f5adad75e1c06731,0.12149089854663796
ck_f5b1200dc6f95760,0.060356752791219256
ck_f5dde68f6f0468e1,0.005579016432203625
ck_f5e02a3432571b20,0.0858282329097792
ck_f5f87f772388efa0,0.05936606682729746
ck_f637fabf0f60528f,0.025246115914883786
ck_f63cb5e8cc702bad,0.008819923964649591
ck_f655399ac75c4450,0.0390401981774497
ck_f65ab819373edb37,0.03300942751163999
ck_f65e5ff7da565f91,0.005012789219241454
ck_f66f06e24ff32671,0.005183787679753927
ck_f67ee7910d532216,0.0072411393306223695
ck_f6923088c17a04e2,0.08533887361112855
ck_f69e93388b3028cb,0.730635690589749
ck_f6a4a7ed27fe76fc,0.03700116647329717
ck_f6aea576cde8d592,0.0007607930663854578
ck_f6b7a10d47dd9a1f,0.009586079592558831
ck_f6c42001b84a10cb,0.23100005394188114
ck_f6c909c205767956,0.003766928468750642
ck_f6e9d14dfb6f3c28,0.052497066274055294
ck_f7112818a6d81422,0.04068687187302545
ck_f71a4094e889c3af,0.0013724976889060404
ck_f7276091bf513d22,0.0004678666140394753
ck_f7285b92648c1c81,0.0027797361854095155
ck_f72a5a3b0d6c1177,0.0017779750145293653
ck_f7305b3c64cf8a03,0.22480784337182624
ck_f73273e220296be8,0.18052486020143757
ck_f736cffbdb82db34,0.00030218008347918167
ck_f738b633b8862d18,0.00016324968614682466
ck_f744e208183971f8,0.0004970034031351338
ck_f7485cba392bc294,0.3746321226253828
ck_f761b7650a0c1a85,0.037750160514464545
ck_f76d929541ed41dd,0.03415668048989907
ck_f77dfe6512eae322,0.06240695297039253
ck_f781539b1042dc83,0.0077672569723086435
ck_f786cbc987b70930,0.001702492503768258
ck_f790d91e5ff0eccd,0.48549378859989933
ck_f792586ad0381eac,0.07187680852753431
ck_f7a07283345a0dce,0.017982768272229395
ck_f7a7f8f5903617c5,0.017941319754927878
ck_f7bc569b37e8bdda,0.01642124560243074
ck_f7bde7265053364d,0.046676912241634776
ck_f7c6c26ef3c4ae06,0.03611535822189364
ck_f7e53af3c91fec64,0.014713609637578923
ck_f7e958a286ae3b57,0.004671211770617213
ck_f7fbc95ebf584379,0.012320476752900137
ck_f7fc1bd0b9ab1fa4,0.07668389031449324
ck_f7ff94c3df5ac874,0.010577485749585199
ck_f80af368cfc6cb7e,0.024395070760765466
ck_f8124911450fdf31,0.9672142855223586
ck_f81a97d350397306,0.1419028518850887
ck_f823407ace7ff064,0.14201683224378328
ck_f824b326d5089885,0.6459055050537149
ck_f85155ca5c312c7b,0.04269424063269413
ck_f8540cf3a8b2f8c9,0.0573093076624271
ck_f854fba8f4adae3d,0.1952429829406494
ck_f878b68d66fbfd4b,0.002794238040637043
ck_f87d66946252476c,0.2378606752444743
ck_f88028c3f306bc70,0.0584552674164454
ck_f88c79186a082beb,0.008690688702896568
ck_f89719a854fe11d7,0.03155973123519745
ck_f8ac3a0500c0ec62,0.0013758867982832238
ck_f8b3cdffef535330,0.6995289216273425
ck_f8b6069d7577fde6,0.005314949974959385
ck_f8dc8473c2772729,0.2182319643060296
ck_f8f6a03613b6dda8,0.0024779533873476203
ck_f90293f1eba5d7b6,0.12329658559276867
ck_f908b527c4db422d,0.20764213041947338
ck_f917c82af80e4a79,0.23862619864865767
ck_f9197b070416f443,0.0025748072401634145
ck_f91d48c40337d375,0.05151100943662928
ck_f928dba0d587d7c1,0.005358726668059568
ck_f92cd37022b0ce21,0.017012041443858397
ck_f92e04024bf13558,0.0006467172111024586
ck_f948e8a8fdd79b4e,0.014621579332590123
ck_f9604adde929beff,0.0035603757969332956
ck_f96db2a1f3448d1f,0.019892285827950214
ck_f97c477986043755,0.0014847273010328945
ck_f99738dff854e25f,0.0007804184607059599
ck_f99bc1732ce5e999,0.1806328528738739
ck_f9a68da9e0f0bc85,0.004192283449129128
ck_f9b439c9161c3e52,0.0012900630823913866
ck_f9c4f8b4ce2691f0,0.03163126249182537
ck_f9d481aa4f9b2808,0.8120311524281606
ck_f9d8b4813a88c1e6,0.007627207206189673
ck_f9f93d1d41be1468,0.9774035799792592
ck_f9fc468915afe49c,0.07763919076705714
ck_fa00aa0f3e859904,0.0981664400320434
ck_fa04ac31e596e7d6,0.04893309588565296
ck_fa0b234481cb57d3,0.08861685316139166
ck_fa0ecbcf9a33d6ce,0.005137117291195275
ck_fa24db9d416ab904,0.005184828735083559
ck_fa321945ebedb916,0.15258589567738315
ck_fa3a766e49dc77ae,0.014057777366467255
ck_fa3b1e85d27af2ee,0.12113380600857501
ck_fa4211c4d826d830,0.0009489834253924745
ck_fa4b60387d744fc5,0.0008693743588424295
ck_fa5830d81bc8ddc1,0.004806963317119971
ck_fa5ba9ed9ed6a343,0.10196564302773564
ck_fa7d5be26bf7b31c,0.3791544158377836
ck_fa7de64d37287615,0.04417847042162082
ck_fa80da579ea9afc0,0.019791063669369682
ck_fa8a4a9e77799fcc,0.0031620225558271343
ck_faab769cce19879a,0.07062828653616485
ck_fab4f2f8531b4827,0.015773150814780548
ck_fac046ce336fe39d,0.004416509007562373
ck_fac32d76ed40f683,0.05586013287452148
ck_fae7e518a585fa61,0.06904099999292623
ck_faeb0da678bb86c0,0.004424444416176947
ck_fb00aae4e17740c5,0.0014303532636546282
ck_fb00dd5021642507,0.03476933220977234
ck_fb04ecbaebb774bd,0.009372377988634249
ck_fb0c138c003e933a,0.00022441627862764725
ck_fb0cf32c4a56f740,0.025907213553309775
ck_fb2a35571ec719d4,0.24178804439433352
ck_fb3b68b4424b5f92,0.5430176613234551
ck_fb44d15fb93a7157,0.05035511947724141
ck_fb4797045077bc6d,0.0012904040025224948
ck_fb6e06ca88519dcd,0.02201089044181207
ck_fb90408f4892a21f,0.032729847536569025
ck_fba15647b3a140d9,0.004208376516099214
ck_fbdac0221bc03f66,0.03344123566917327
ck_fbf630c960194033,0.006500391227468758
ck_fbf7351958ad9615,0.007758841066855431
ck_fbff7b5da8111567,0.0031495752275606695
ck_fc0cc4b25e6a8194,0.0024385799881040077
ck_fc2a6e27b10b10e9,0.0022290490896903765
ck_fc2cb29918631f10,0.09331581783669542
ck_fc3d95030b81f416,0.00026722961069369696
ck_fc40a16adfced018,0.0009749473292320755
ck_fc418f53ce4aa579,0.9871844020162435
ck_fc4a43f8876bf10f,0.3177436330584745
ck_fc4bfd6e739bddea,0.002315191985293639
ck_fc5ea49518e5d637,0.003515812270842275
ck_fc60f42c68c7024f,0.18762662714018305
ck_fc6fed6ea96a004a,0.0108048252657281
ck_fc7445ec76389a58,0.7666319626924072
ck_fc7935f784a4f249,0.00470522522126271
ck_fc7a9d0643570053,0.0014084341758054183
ck_fc832b0c90c9bdb9,0.9728402786205269
ck_fc8cd8a8209e802d,0.029023006131521558
ck_fc9f16df35190eb4,0.8001273203466974
ck_fca2798914627dc8,0.26593056352115446
ck_fca478361870a4ca,0.0074229944614229
ck_fca7cc9c42695453,0.0017624111300044906
ck_fcb2a559474c3493,0.018546983996881598
ck_fcc2059a8d5c41fa,0.3864575005177381
ck_fcdb4fe2f095fba1,0.6134894856211095
ck_fce0610c527e2b56,0.03142275416932326
ck_fce0b6855886a0b8,0.006074033867824198
ck_fcf5b8216d0c18ef,0.0008860614990165772
ck_fcf5d4a4748cdd53,0.0013723721440782257
ck_fcfe06e44d09a344,0.01666902643619355
ck_fd038a7d33a9d6e5,0.004173243542935363
ck_fd0483639811f62e,0.2710050354050092
ck_fd242b18575e3063,0.15924532161705854
ck_fd44e34af620e606,0.1881876228956519
ck_fd4582e3853ef23f,0.02382074572210463
ck_fd4cf578e87703ff,0.049499688382448066
ck_fd5609bd23a1eaf8,0.0038562889590979138
ck_fd78f8a8663646d7,0.004184740284895378
ck_fd84507228467b40,0.1423559473859562
ck_fdcb1d9265d8fec1,0.0658070900584647
ck_fdda581aec411010,0.0015834257225482522
ck_fdeaa1cd085691f0,0.11607754616180925
ck_fdf0c5b722d83464,0.0011627105912374617
ck_fdf89dc69f700f84,0.44890745864249265
ck_fe037765aa465c58,0.007591735663215839
ck_fe0a9372c9372de9,0.004451168784147027
ck_fe1b1adae3be70a6,0.6670100723402463
ck_fe2fc7d6e5d83f09,0.003346031652256917
ck_fe33eb743d714c03,0.03839603904253424
ck_fe3b67041dad2dd1,0.0020648893165754858
ck_fe3c1d0ac090d960,0.7265138558751859
ck_fe429ba3e1aa0e4f,0.02111754155599624
ck_fe43da07608b1749,0.01449372613075831
ck_fe6e168cdbb46b9a,0.7308151306491917
ck_fe8e5a6c880ceb4e,0.0032533972175877533
ck_fec0ff92fd622253,0.018640583915479316
ck_fec888a7108ca52d,0.9987001732908105
ck_fecb39c82c43e76d,0.009382785161366659
ck_fef850553862aaca,0.0033900472039360813
ck_fefc49a2b8ad993e,0.016785867299230255
ck_ff090498c4b17ac3,0.012684170854436504
ck_ff182f033134dbb8,0.07350195503177749
ck_ff24776280ceeeed,0.04453683058672115
ck_ff30dda2c881a4bd,0.7134660581951435
ck_ff3998d6858daa21,0.0006780781425134143
ck_ff42557857ae3aeb,0.003464431072206705
ck_ff45764ea7d6619f,0.029853242376530285
ck_ff6a6d3547dd2d37,0.023974789484512305
ck_ff7c26a62bda8089,0.0012385249313451082
ck_ff7e31ff8ba731e5,0.004670606588213186
ck_ff8059ae5fa5f1ee,0.00016485374512014298
ck_ff822700f3605e06,0.9998390362597628
ck_ffb4d892c5158201,0.0018495936388131943
ck_ffc8e3c1377d0706,0.006191532938292445
ck_ffe2aa26f597e552,0.02306196017088158
ck_ffe91d6f0bd93fc6,0.17968317942527143
ck_fff9fdc2adf5100b,0.8929197203400876
ck_fffa0622344a36ab,0.0005696447994032339
